role_id,n_items,min_hours,median_hours,max_hours,total_hours,cap_6m_5h,fit_6m_5h,cap_6m_10h,fit_6m_10h,cap_12m_10h,fit_12m_10h,cap_24m_10h,fit_24m_10h
R01,22,10,120,180,2055,129,6,259,8,519,10,1039,15
R02,24,10,110,300,2591,129,5,259,8,519,11,1039,16
R03,27,10,100,180,2491,129,6,259,9,519,12,1039,17
R04,26,10,40,180,1527,129,8,259,12,519,18,1039,22
R05,24,10,100,200,2115,129,6,259,9,519,12,1039,17
R06,29,3,90,280,2788,129,8,259,10,519,13,1039,18
R07,26,2,90,200,2255,129,7,259,8,519,12,1039,17
R08,25,10,60,200,1766,129,6,259,11,519,14,1039,19
R09,25,10,90,200,2191,129,6,259,8,519,12,1039,17
R10,25,10,60,150,1732,129,6,259,9,519,13,1039,19
R11,25,10,100,200,2397,129,6,259,8,519,11,1039,16
R12,27,10,70,200,2257,129,7,259,10,519,14,1039,19
R13,26,10,120,300,2966,129,5,259,8,519,12,1039,16
R14,23,10,60,200,1826,129,6,259,9,519,13,1039,18
R15,25,10,80,800,2647,129,6,259,9,519,12,1039,18
R16,26,10,80,200,2111,129,7,259,11,519,14,1039,19
R17,24,10,70,180,1892,129,6,259,10,519,14,1039,18
R18,23,10,60,180,1660,129,6,259,10,519,14,1039,18
R19,22,10,60,180,1605,129,6,259,10,519,14,1039,18
R20,25,10,60,200,2081,129,6,259,10,519,15,1039,19
