element_id,element_name,domain,n_roles,roles,weight_at_stake_pct,item_needed,provider,source_url,estimated_hours,cost_category,verified_date,researcher_note
2.C.7.a,English Language,Knowledge,15,"R02,R03,R05,R06,R07,R09,R10,R12,R13,R14,R15,R16,R17,R18,R19",47.08,,,,,,,
4.A.1.a.1,Getting Information,Work Activities,14,"R01,R02,R03,R04,R10,R11,R12,R13,R14,R15,R16,R17,R19,R20",52.51,,,,,,,
4.A.2.b.3,Updating and Using Relevant Knowledge,Work Activities,14,"R02,R03,R04,R05,R08,R09,R10,R12,R13,R14,R15,R17,R18,R19",50.46,,,,,,,
4.A.1.b.1,"Identifying Objects, Actions, and Events",Work Activities,13,"R01,R02,R03,R05,R06,R07,R08,R09,R10,R16,R18,R19,R20",44.69,,,,,,,
4.A.2.b.6,"Organizing, Planning, and Prioritizing Work",Work Activities,8,"R06,R07,R10,R11,R12,R13,R14,R15",25.29,,,,,,,
4.A.2.a.2,Processing Information,Work Activities,7,"R12,R13,R14,R15,R17,R19,R20",23.95,,,,,,,
2.A.2.b,Active Learning,Essential Skills,6,"R02,R05,R09,R10,R14,R18",18.57,,,,,,,
2.A.1.a,Reading Comprehension,Essential Skills,6,"R03,R06,R08,R10,R15,R17",19.55,,,,,,,
2.A.2.a,Critical Thinking,Essential Skills,6,"R08,R10,R15,R17,R19,R20",20.14,,,,,,,
2.B.2.i,Complex Problem Solving,Transferable Skills,6,"R08,R09,R10,R11,R15,R20",19.24,,,,,,,
2.C.3.b,Engineering and Technology,Knowledge,5,"R07,R10,R11,R12,R13",15.99,,,,,,,
4.A.1.b.3,"Estimating the Quantifiable Characteristics of Products, Events, or Information",Work Activities,4,"R02,R03,R07,R08",13.01,,,,,,,
4.A.2.a.1,"Judging the Qualities of Objects, Services, or People",Work Activities,4,"R04,R07,R18,R20",12.11,,,,,,,
2.C.9.a,Telecommunications,Knowledge,3,"R10,R16,R17",9.51,,,,,,,
4.A.2.b.5,Scheduling Work and Activities,Work Activities,2,"R01,R02",5.97,,,,,,,
2.B.3.a,Operations Analysis,Transferable Skills,1,R02,3.23,,,,,,,
4.A.4.b.1,Coordinating the Work and Activities of Others,Work Activities,1,R04,2.96,,,,,,,
4.A.2.b.1,Making Decisions and Solving Problems,Work Activities,1,R10,3.66,,,,,,,
4.A.2.a.4,Analyzing Data or Information,Work Activities,1,R13,3.55,,,,,,,
4.A.3.b.5,Repairing and Maintaining Electronic Equipment,Work Activities,1,R14,2.88,,,,,,,
4.A.4.c.1,Performing Administrative Activities,Work Activities,1,R14,2.86,,,,,,,
2.B.3.g,Operations Monitoring,Transferable Skills,1,R17,3.02,,,,,,,
2.B.3.m,Quality Control Analysis,Transferable Skills,1,R17,2.92,,,,,,,
