item_id,role_id,action,title_เดิม,title_ใหม่,url_เดิม,url_ใหม่,เหตุผล
CRT-R01-03,R01,REPLACE,Microsoft Certified: Azure Developer Associate,Microsoft Certified: Azure AI Cloud Developer Associate,https://learn.microsoft.com/en-us/credentials/certifications/azure-developer/,https://learn.microsoft.com/en-us/credentials/certifications/azure-ai-cloud-developer-associate/,แทน AZ-204 ที่ Microsoft ยกเลิก · Microsoft ระบุ AI-200 เป็นเส้นทางต่อเนื่องของนักพัฒนา Azure
CRT-R02-01,R02,REPLACE,Microsoft Certified: Azure Developer Associate,Microsoft Certified: Azure AI Cloud Developer Associate,https://learn.microsoft.com/en-us/credentials/certifications/azure-developer/,https://learn.microsoft.com/en-us/credentials/certifications/azure-ai-cloud-developer-associate/,แทน AZ-204 ที่ Microsoft ยกเลิก · Microsoft ระบุ AI-200 เป็นเส้นทางต่อเนื่องของนักพัฒนา Azure
CRT-R02-03,R02,REPLACE,OpenJS Node.js Application Developer (JSNAD),Certified Kubernetes Application Developer (CKAD),https://training.linuxfoundation.org/certification/jsnad/,https://training.linuxfoundation.org/certification/certified-kubernetes-application-developer-ckad/,แทน JSNAD ที่ Linux Foundation ยกเลิก · ยังเป็นใบรับรองสายพัฒนาฝั่งเซิร์ฟเวอร์ของผู้ให้บริการเดียวกัน
CRT-R02-04,R02,REPLACE,OpenJS Node.js Services Developer (JSNSD),Certified Secure Software Lifecycle Professional (CSSLP),https://training.linuxfoundation.org/certification/jsnsd/,https://www.isc2.org/certifications/csslp,แทน JSNSD ที่ยกเลิก · ครอบคลุมการพัฒนาบริการฝั่งเซิร์ฟเวอร์อย่างปลอดภัยซึ่งเป็นแกนเดิมของ JSNSD
CRT-R03-02,R03,REPLACE,Microsoft Certified: Azure Developer Associate,Microsoft Certified: Azure AI Cloud Developer Associate,https://learn.microsoft.com/en-us/credentials/certifications/azure-developer/,https://learn.microsoft.com/en-us/credentials/certifications/azure-ai-cloud-developer-associate/,แทน AZ-204 ที่ Microsoft ยกเลิก · Microsoft ระบุ AI-200 เป็นเส้นทางต่อเนื่องของนักพัฒนา Azure
CRT-R03-04,R03,FIX,App Development with Swift Certified User,App Development with Swift Certified User,https://certiport.pearsonvue.com/Certifications/Apple/App-Development-with-Swift/Overview,https://certiport.pearsonvue.com/Certifications/Apple/App-Dev-With-Swift/Overview.aspx,แก้ URL ตามหน้าปลายทางที่ยืนยันแล้ว
CRT-R03-05,R03,FIX,App Development with Swift Associate,App Development with Swift Associate,https://certiport.pearsonvue.com/Certifications/Apple/App-Development-with-Swift/Overview,https://certiport.pearsonvue.com/Certifications/Apple/App-Dev-With-Swift/Overview.aspx,แก้ URL ตามหน้าปลายทางที่ยืนยันแล้ว
CRT-R05-06,R05,FIX,HFI Certified Usability Analyst (CUA),HFI Certified Usability Analyst (CUA),https://www.humanfactors.com/certification/cua.asp,https://humanfactors.com/training/cua_exam.asp,แก้ URL ตามหน้าปลายทางที่ยืนยันแล้ว
CRT-R05-07,R05,FIX,HFI Certified User Experience Analyst (CXA),HFI Certified User Experience Analyst (CXA),https://www.humanfactors.com/certification/cxa.asp,https://humanfactors.com/hfi-training/certification/cxa_exam.asp,แก้ URL ตามหน้าปลายทางที่ยืนยันแล้ว
CRT-R05-09,R05,FIX,Adobe Certified Professional – Visual Design,Adobe Certified Professional in Visual Design,https://certiport.pearsonvue.com/Certifications/Adobe/Certified-Professional/Overview,https://certiport.pearsonvue.com/Certifications/Adobe/ACP/Adobe-Certified-Professional.aspx,แก้ URL ตามหน้าปลายทางที่ยืนยันแล้ว
CRT-R06-01,R06,REPLACE,Microsoft Certified: Azure Data Scientist Associate,Databricks Certified Machine Learning Professional,https://learn.microsoft.com/en-us/credentials/certifications/azure-data-scientist/,https://www.databricks.com/learn/certification/machine-learning-professional,แทน DP-100 ที่ Microsoft ยกเลิก · เป็นใบรับรองระดับสูงสายวิทยาศาสตร์ข้อมูลที่ยังเปิดสอบ
CRT-R06-03,R06,REPLACE,AWS Certified Machine Learning – Specialty,AWS Certified Generative AI Developer – Professional,https://aws.amazon.com/certification/certified-machine-learning-specialty/,https://aws.amazon.com/certification/certified-generative-ai-developer-professional/,แทน AWS Certified Machine Learning Specialty ที่หมดอายุ 31 มี.ค. 2026 · AWS ประกาศชุดใบรับรอง AI ใหม่แทน
CRT-R06-05,R06,REPLACE,TensorFlow Developer Certificate,IAPP Artificial Intelligence Governance Professional (AIGP),https://www.tensorflow.org/certificate,https://iapp.org/certify/aigp/,แทน TensorFlow Developer Certificate ที่ยุติโครงการ · เป็นใบรับรองใหม่ที่ตอบโจทย์งานวิทยาศาสตร์ข้อมูลยุคกำกับดูแล AI
CRS-R06-08,R06,REPLACE,Statistics and Data Science MicroMasters,HarvardX Data Science Professional Certificate,https://www.edx.org/masters/micromasters/mitx-statistics-and-data-science,https://www.edx.org/certificates/professional-certificate/harvardx-data-science,แทน MITx Statistics and Data Science MicroMasters ที่ edX แจ้งว่าไม่เปิดรับแล้ว
CRT-R07-03,R07,REPLACE,AWS Certified Machine Learning – Specialty,AWS Certified Generative AI Developer – Professional,https://aws.amazon.com/certification/certified-machine-learning-specialty/,https://aws.amazon.com/certification/certified-generative-ai-developer-professional/,แทน AWS Certified Machine Learning Specialty ที่หมดอายุ 31 มี.ค. 2026 · AWS ประกาศชุดใบรับรอง AI ใหม่แทน
CRT-R07-04,R07,REPLACE,Microsoft Certified: Azure AI Engineer Associate,Microsoft Certified: Azure AI Apps and Agents Developer Associate,https://learn.microsoft.com/en-us/credentials/certifications/azure-ai-engineer/,https://learn.microsoft.com/en-us/credentials/certifications/azure-ai-apps-and-agents-developer-associate/,แทน Azure AI Engineer Associate ที่ Microsoft ยกเลิก
CRT-R07-05,R07,REPLACE,Microsoft Certified: Azure Data Scientist Associate,Microsoft Certified: Azure AI Cloud Developer Associate,https://learn.microsoft.com/en-us/credentials/certifications/azure-data-scientist/,https://learn.microsoft.com/en-us/credentials/certifications/azure-ai-cloud-developer-associate/,แทน AZ-204 ที่ Microsoft ยกเลิก · Microsoft ระบุ AI-200 เป็นเส้นทางต่อเนื่องของนักพัฒนา Azure
CRT-R07-06,R07,REPLACE,TensorFlow Developer Certificate,Databricks Certified Machine Learning Associate,https://www.tensorflow.org/certificate,https://www.databricks.com/learn/certification/machine-learning-associate,แทน TensorFlow Developer Certificate ที่ยุติโครงการ
CRT-R08-10,R08,FIX,dbt Analytics Engineering Certification,dbt Analytics Engineering Certification Exam,https://www.getdbt.com/certifications,https://www.getdbt.com/certifications/analytics-engineer-certification-exam,แก้ URL ตามหน้าปลายทางที่ยืนยันแล้ว
CRS-R08-09,R08,FIX,Introduction to Modern Data Engineering with Snowflake,"Intro to Snowflake for Devs, Data Scientists, Data Engineers",https://www.coursera.org/learn/intro-modern-data-engineering-snowflake,https://www.coursera.org/learn/snowflake-intro-app-developers-data-scientists-data-engineers,แก้ URL ตามหน้าปลายทางที่ยืนยันแล้ว
CRS-R08-10,R08,FIX,Data Engineering with Databricks,Advanced Data Engineering with Databricks,https://www.databricks.com/learn/training/catalog,https://www.databricks.com/training/catalog/advanced-data-engineering-with-databricks-971,แก้ URL ตามหน้าปลายทางที่ยืนยันแล้ว
CRT-R09-06,R09,FIX,IIBA Certification in Business Data Analytics (CBDA),IIBA Certification in Business Data Analytics (CBDA),https://www.iiba.org/business-analysis-certifications/certification-in-business-data-analytics/,https://www.iiba.org/business-analysis-certifications/business-data-analytics-certification/,แก้ URL ตามหน้าปลายทางที่ยืนยันแล้ว
CRT-R10-05,R10,FIX,EDB PostgreSQL Associate Certification,EDB Essentials for PostgreSQL Certification,https://www.enterprisedb.com/services-support/edb-training,https://www.enterprisedb.com/training/certification-exams,EDB ปรับชื่อชุดใบรับรองใหม่ทั้งหมด ต้องยืนยันชื่อรุ่นที่จะใช้อีกครั้งก่อนตรึง
CRS-R11-07,R11,FIX,Introduction to Cyber Security,Introduction to Cyber Security Specialization,https://www.edx.org/certificates/professional-certificate/nyux-cybersecurity-fundamentals,https://www.coursera.org/specializations/intro-cyber-security,แก้ URL ตามหน้าปลายทางที่ยืนยันแล้ว
CRS-R11-08,R11,FIX,MITRE ATT&CK Defender (MAD) – ATT&CK Fundamentals,MAD20 ATT&CK Fundamentals,https://mitre-engenuity.org/cybersecurity/mad/,https://mad20.com/individuals,MITRE โอนหลักสูตร MAD ให้ MAD20 Technologies · โดเมนเดิมของ MITRE Engenuity ถูกแทนที่ด้วยเนื้อหาโฆษณา
CRS-R11-09,R11,FIX,Palo Alto Networks Cybersecurity Specialization,Palo Alto Networks Cybersecurity Professional Certificate,https://www.coursera.org/specializations/palo-alto-networks-cybersecurity,https://www.coursera.org/professional-certificates/palo-alto-networks-cybersecurity-fundamentals,แก้ URL ตามหน้าปลายทางที่ยืนยันแล้ว
CRT-R12-04,R12,REPLACE,Microsoft Certified: Azure Security Engineer Associate,Microsoft Certified: Cloud and AI Security Engineer Associate,https://learn.microsoft.com/en-us/credentials/certifications/azure-security-engineer/,https://learn.microsoft.com/en-us/credentials/certifications/cloud-and-ai-security-engineer-associate/,แทน AZ-500 ที่ยกเลิก 31 ส.ค. 2026 · Microsoft ระบุ SC-500 เป็นใบรับรองทดแทนโดยตรง
CRS-R12-07,R12,FIX,DevSecOps Essentials,Introduction to DevSecOps,https://www.coursera.org/learn/devsecops-essentials,https://www.coursera.org/learn/introduction-to-devsecops,แก้ URL ตามหน้าปลายทางที่ยืนยันแล้ว
CRS-R12-09,R12,FIX,Palo Alto Networks Network Security Specialization,Palo Alto Networks Network Security Fundamentals,https://www.coursera.org/specializations/palo-alto-networks-network-security,https://www.coursera.org/learn/palo-alto-networks-network-security-fundamentals,แก้ URL ตามหน้าปลายทางที่ยืนยันแล้ว
CRT-R14-06,R14,REPLACE,AccessData Certified Examiner (ACE),GIAC Advanced Smartphone Forensics (GASF),https://www.exterro.com/ftk-product-downloads/certification,https://www.giac.org/certifications/advanced-smartphone-forensics-gasf/,แทน AccessData Certified Examiner ที่ไม่มีหน้าทางการหลัง Exterro เข้าซื้อกิจการ
CRT-R14-07,R14,FIX,Cellebrite Certified Operator (CCO),Cellebrite Certified Operator (CCO),https://cellebrite.com/en/training-overview/,https://cellebrite.com/en/training/,แก้ URL ตามหน้าปลายทางที่ยืนยันแล้ว
CRS-R14-04,R14,FIX,Cyber Incident Response Specialization,Cyber Incident Response Specialization,https://www.coursera.org/specializations/incident-response,https://www.coursera.org/specializations/cyber-incident-response,แก้ URL ตามหน้าปลายทางที่ยืนยันแล้ว
CRS-R14-09,R14,FIX,Memory Forensics with Volatility,Malware and Memory Forensics Training,https://volatilityfoundation.org/training/,https://volatilityfoundation.org/volatility-training/,แก้ URL ตามหน้าปลายทางที่ยืนยันแล้ว
CRT-R15-03,R15,FIX,Cisco Certified DevNet Associate,Cisco CCNA Automation,https://www.cisco.com/site/us/en/learn/training-certifications/certifications/devnet/devnet-associate/index.html,https://www.cisco.com/site/us/en/learn/training-certifications/certifications/automation/ccna-automation/index.html,Cisco เปลี่ยนชื่อสาย DevNet เป็น Automation · DevNet Associate กลายเป็น CCNA Automation
CRT-R15-06,R15,REPLACE,AWS Certified Advanced Networking – Specialty,Palo Alto Networks Certified Network Security Engineer (PCNSE),https://aws.amazon.com/certification/certified-advanced-networking-specialty/,https://www.paloaltonetworks.com/services/education/certification,แทน AWS Certified Advanced Networking Specialty ที่จะยกเลิก 31 ธ.ค. 2026 ซึ่งอยู่ในช่วงเก็บข้อมูล
CRT-R15-10,R15,FIX,Aruba Certified Switching Associate (ACSA),HPE Aruba Networking Certified Associate – Switching,https://www.hpe.com/us/en/learn/certification-overview.html,https://certification-learning.hpe.com/tr/datasheet/certification/ACA-Switch,HPE เปลี่ยนชื่อจาก ACSA เป็น ACA-Switching · หน้า datasheet ตอบช้าจนดึงไม่สำเร็จ ต้องเปิดยืนยันด้วยตา
CRS-R15-01,R15,FIX,Cisco Networking Basics Specialization,Networking Basics,https://www.coursera.org/specializations/networking-basics-cisco,https://www.netacad.com/courses/networking-basics,แก้ URL ตามหน้าปลายทางที่ยืนยันแล้ว
CRS-R15-09,R15,FIX,Palo Alto Networks Network Security Specialization,Palo Alto Networks Network Security Fundamentals,https://www.coursera.org/specializations/palo-alto-networks-network-security,https://www.coursera.org/learn/palo-alto-networks-network-security-fundamentals,แก้ URL ตามหน้าปลายทางที่ยืนยันแล้ว
CRT-R18-05,R18,FIX,BCS International Diploma in Business Analysis,BCS International Diploma in Business Analysis,https://www.bcs.org/qualifications-and-certifications/certifications-for-professionals/business-analysis-certifications/,https://www.bcs.org/qualifications-and-certifications/certifications-for-professionals/business-analysis/bcs-international-diploma-in-business-analysis/,แก้ URL ตามหน้าปลายทางที่ยืนยันแล้ว
CRT-R18-07,R18,FIX,IIBA Certification in Business Data Analytics (CBDA),IIBA Certification in Business Data Analytics (CBDA),https://www.iiba.org/business-analysis-certifications/certification-in-business-data-analytics/,https://www.iiba.org/business-analysis-certifications/business-data-analytics-certification/,แก้ URL ตามหน้าปลายทางที่ยืนยันแล้ว
CRT-R18-08,R18,REPLACE,Microsoft Certified: Power Platform Functional Consultant Associate,IIBA Agile Analysis Certification (IIBA-AAC),https://learn.microsoft.com/en-us/credentials/certifications/power-platform-functional-consultant-associate/,https://www.iiba.org/business-analysis-certifications/agile-analysis/,แทน Power Platform Functional Consultant ที่ยกเลิก 31 ส.ค. 2026 · ตรงกับบทบาทนักวิเคราะห์ระบบมากกว่าใบรับรองเฉพาะผลิตภัณฑ์
CRS-R18-01,R18,FIX,IBM Business Analyst Professional Certificate,IBM Business Analyst Professional Certificate,https://www.coursera.org/professional-certificates/ibm-business-analyst,https://www.coursera.org/professional-certificates/ibm-business-analyst-professional-certificate,แก้ URL ตามหน้าปลายทางที่ยืนยันแล้ว
CRS-R19-06,R19,FIX,Managing Project Risks and Changes,Project Risk Management,https://www.coursera.org/learn/uci-project-risk-management,https://www.coursera.org/learn/project-risk-management-,แก้ URL ตามหน้าปลายทางที่ยืนยันแล้ว
CRS-R19-09,R19,FIX,Introduction to Scrum Master Training,Introduction to Scrum Master Training,https://www.coursera.org/learn/introduction-to-scrum-master-training,https://www.coursera.org/learn/introduction-to-certified-scrum-master,แก้ URL ตามหน้าปลายทางที่ยืนยันแล้ว
CRT-R20-06,R20,FIX,TOGAF Enterprise Architecture Practitioner,TOGAF Enterprise Architecture Practitioner,https://www.opengroup.org/certifications/togaf-enterprise-architecture-portfolio,https://www.opengroup.org/certifications/togaf-certification-portfolio,แก้ URL ตามหน้าปลายทางที่ยืนยันแล้ว
CRS-R20-08,R20,FIX,Cybersecurity for Managers / Cybersecurity Leadership,Cybersecurity Leadership and Management Specialization,https://www.coursera.org/specializations/cybersecurity-for-business,https://www.coursera.org/specializations/cybersecurity-leadership,แก้ URL ตามหน้าปลายทางที่ยืนยันแล้ว
