item_id,role_id,item_type,title,provider,source_url,verdict,การดำเนินการ,หมายเหตุ
CRT-R01-04,R01,certification,Oracle Certified Professional: Java SE 21 Developer,Oracle,https://education.oracle.com/oracle-certification-path/pFamily_48,FETCH_ERROR,ต้องตรวจด้วยคน,ตอบ 403 ระบบกันบอท ต้องตรวจซ้ำด้วยมือ
CRT-R01-10,R01,certification,Professional Scrum Developer I (PSD I),Scrum.org,https://www.scrum.org/assessments/professional-scrum-developer-i-assessment,FETCH_ERROR,ต้องตรวจด้วยคน,ดึงหน้าไม่ได้ อาจมีระบบกันบอท ต้องตรวจซ้ำด้วยมือ
CRT-R03-01,R03,certification,Oracle Certified Professional: Java SE 21 Developer,Oracle,https://education.oracle.com/oracle-certification-path/pFamily_48,FETCH_ERROR,ต้องตรวจด้วยคน,ตอบ 403 ระบบกันบอท ต้องตรวจซ้ำด้วยมือ
CRT-R03-09,R03,certification,Professional Scrum Developer I (PSD I),Scrum.org,https://www.scrum.org/assessments/professional-scrum-developer-i-assessment,FETCH_ERROR,ต้องตรวจด้วยคน,ดึงหน้าไม่ได้ อาจมีระบบกันบอท ต้องตรวจซ้ำด้วยมือ
CRT-R04-04,R04,certification,ISTQB Certified Tester – Performance Testing (CT-PT),ISTQB,https://www.istqb.org/certifications/performance-testing,FETCH_ERROR,ต้องตรวจด้วยคน,เซิร์ฟเวอร์ตอบ 500 ต้องตรวจซ้ำด้วยมือ
CRT-R04-08,R04,certification,A4Q Selenium Tester Foundation,Alliance for Qualification (A4Q),https://isqi.org/en/certification/a4q-selenium-tester-foundation,FETCH_ERROR,ต้องตรวจด้วยคน,robots.txt อ่านไม่ได้ ต้องตรวจซ้ำด้วยมือ
CRT-R04-10,R04,certification,Professional Scrum Developer I (PSD I),Scrum.org,https://www.scrum.org/assessments/professional-scrum-developer-i-assessment,FETCH_ERROR,ต้องตรวจด้วยคน,ดึงหน้าไม่ได้ อาจมีระบบกันบอท ต้องตรวจซ้ำด้วยมือ
CRT-R05-10,R05,certification,Professional Scrum Product Owner I (PSPO I),Scrum.org,https://www.scrum.org/assessments/professional-scrum-product-owner-i-assessment,FETCH_ERROR,ต้องตรวจด้วยคน,ดึงหน้าไม่ได้ อาจมีระบบกันบอท ต้องตรวจซ้ำด้วยมือ
CRT-R10-02,R10,certification,Oracle Database Administration 2019 Certified Professional,Oracle,https://education.oracle.com/oracle-database-administration-2019-certified-professional/trackp_DBA19OCP,FETCH_ERROR,ต้องตรวจด้วยคน,หมดเวลาอ่านหน้า ต้องตรวจซ้ำด้วยมือ
CRT-R10-03,R10,certification,Oracle Database SQL Certified Associate,Oracle,https://education.oracle.com/oracle-database-sql/pexam_1Z0-071,FETCH_ERROR,ต้องตรวจด้วยคน,ตอบ 403 ระบบกันบอท ต้องตรวจซ้ำด้วยมือ
CRS-R12-08,R12,course,Google Cloud Security Engineer Learning Path,Google Cloud,https://www.cloudskillsboost.google/paths/34,FETCH_ERROR,ต้องตรวจด้วยคน,ตอบ 403 ต้องตรวจซ้ำ (โดเมนย้ายไป skills.google)
CRT-R18-10,R18,certification,Professional Scrum Product Owner I (PSPO I),Scrum.org,https://www.scrum.org/assessments/professional-scrum-product-owner-i-assessment,FETCH_ERROR,ต้องตรวจด้วยคน,ดึงหน้าไม่ได้ อาจมีระบบกันบอท ต้องตรวจซ้ำด้วยมือ
CRT-R19-04,R19,certification,PRINCE2 Foundation,PeopleCert (AXELOS),https://www.peoplecert.org/browse-certifications/project-programme-and-portfolio-management/PRINCE2,FETCH_ERROR,ต้องตรวจด้วยคน,เซิร์ฟเวอร์ตอบ 500 ต้องตรวจซ้ำด้วยมือ
CRT-R19-05,R19,certification,PRINCE2 Practitioner,PeopleCert (AXELOS),https://www.peoplecert.org/browse-certifications/project-programme-and-portfolio-management/PRINCE2,FETCH_ERROR,ต้องตรวจด้วยคน,เซิร์ฟเวอร์ตอบ 500 ต้องตรวจซ้ำด้วยมือ
CRT-R19-07,R19,certification,Professional Scrum Master I (PSM I),Scrum.org,https://www.scrum.org/assessments/professional-scrum-master-i-assessment,FETCH_ERROR,ต้องตรวจด้วยคน,ดึงหน้าไม่ได้ อาจมีระบบกันบอท ต้องตรวจซ้ำด้วยมือ
CRS-R19-08,R19,course,PRINCE2 Foundation Training,PeopleCert (AXELOS),https://www.peoplecert.org/browse-certifications/project-programme-and-portfolio-management/PRINCE2,FETCH_ERROR,ต้องตรวจด้วยคน,เซิร์ฟเวอร์ตอบ 500 ต้องตรวจซ้ำด้วยมือ
CRT-R20-05,R20,certification,ITIL 4 Managing Professional,PeopleCert (AXELOS),https://www.peoplecert.org/browse-certifications/it-governance-and-service-management/ITIL,FETCH_ERROR,ต้องตรวจด้วยคน,เซิร์ฟเวอร์ตอบ 500 ต้องตรวจซ้ำด้วยมือ
CRS-R20-06,R20,course,ITIL 4 Foundation Training,PeopleCert (AXELOS),https://www.peoplecert.org/browse-certifications/it-governance-and-service-management/ITIL,FETCH_ERROR,ต้องตรวจด้วยคน,เซิร์ฟเวอร์ตอบ 500 ต้องตรวจซ้ำด้วยมือ
CRT-R09-03,R09,certification,Tableau Certified Data Analyst,Tableau (Salesforce),https://www.tableau.com/learn/certification/certified-data-analyst,REDIRECT,ต้องตรวจด้วยคน,302 ไปที่ trailheadacademy.salesforce.com ผู้ให้บริการย้ายไป Salesforce
CRT-R09-04,R09,certification,Tableau Desktop Specialist,Tableau (Salesforce),https://www.tableau.com/learn/certification/desktop-specialist,REDIRECT,ต้องตรวจด้วยคน,302 ไปที่ trailheadacademy.salesforce.com ผู้ให้บริการย้ายไป Salesforce
CRT-R15-05,R15,certification,Juniper Networks Certified Associate – Junos (JNCIA-Junos),Juniper Networks,https://www.juniper.net/us/en/training/certification.html,REDIRECT,ต้องตรวจด้วยคน,302 ไปที่ learningportal.juniper.net ต้องตรวจปลายทาง
CRT-R12-04,R12,certification,Microsoft Certified: Azure Security Engineer Associate,Microsoft,https://learn.microsoft.com/en-us/credentials/certifications/azure-security-engineer/,RETIRING,ต้องตรวจด้วยคน,หน้าระบุว่าจะยกเลิก 31 ส.ค. 2026 ซึ่งคือวันนี้
CRT-R15-06,R15,certification,AWS Certified Advanced Networking – Specialty,Amazon Web Services,https://aws.amazon.com/certification/certified-advanced-networking-specialty/,RETIRING,ต้องตรวจด้วยคน,หน้าระบุวันสอบวันสุดท้าย 31 ธ.ค. 2026 ยังสอบได้แต่จะหมดอายุระหว่างช่วงเก็บข้อมูล
CRT-R18-08,R18,certification,Microsoft Certified: Power Platform Functional Consultant Associate,Microsoft,https://learn.microsoft.com/en-us/credentials/certifications/power-platform-functional-consultant-associate/,RETIRING,ต้องตรวจด้วยคน,หน้าระบุว่ายกเลิก 31 ส.ค. 2026 ซึ่งคือวันนี้
CRT-R02-05,R02,certification,IAAP Web Accessibility Specialist (WAS),International Association of Accessibility Professionals,https://www.accessibilityassociation.org/s/wascertification,UNCLEAR,ต้องตรวจด้วยคน,ดึงได้แต่ไม่พบชื่อใบรับรองในหน้า ต้องตรวจด้วยตา
CRT-R02-10,R02,certification,MongoDB Associate Developer,MongoDB,https://learn.mongodb.com/pages/mongodb-associate-developer-exam,UNCLEAR,ต้องตรวจด้วยคน,ดึงได้แต่ยืนยันสถานะไม่ชัด ต้องตรวจด้วยตา
CRT-R04-09,R04,certification,Tricentis Automation Specialist Level 1,Tricentis,https://academy.tricentis.com/,UNCLEAR,ต้องตรวจด้วยคน,ดึงได้แต่ไม่พบชื่อหลักสูตร ต้องตรวจด้วยตา
CRT-R05-04,R05,certification,IAAP Certified Professional in Accessibility Core Competencies (CPACC),International Association of Accessibility Professionals,https://www.accessibilityassociation.org/s/certified-professional,UNCLEAR,ต้องตรวจด้วยคน,ดึงได้แต่ไม่พบชื่อใบรับรอง ต้องตรวจด้วยตา
CRT-R05-05,R05,certification,IAAP Web Accessibility Specialist (WAS),International Association of Accessibility Professionals,https://www.accessibilityassociation.org/s/wascertification,UNCLEAR,ต้องตรวจด้วยคน,ดึงได้แต่ไม่พบชื่อใบรับรองในหน้า ต้องตรวจด้วยตา
CRS-R08-08,R08,course,dbt Fundamentals,dbt Labs,https://learn.getdbt.com/,UNCLEAR,ต้องตรวจด้วยคน,ดึงได้แต่ระบุชื่อหลักสูตรไม่ชัด ต้องตรวจด้วยตา
CRT-R10-04,R10,certification,MongoDB Associate Database Administrator,MongoDB,https://learn.mongodb.com/pages/mongodb-associate-database-administrator-exam,UNCLEAR,ต้องตรวจด้วยคน,ดึงได้แต่ยืนยันสถานะไม่ชัด ต้องตรวจด้วยตา
CRT-R13-02,R13,certification,OffSec Web Assessor (OSWA),OffSec,https://www.offsec.com/courses/web-200/,UNCLEAR,ต้องตรวจด้วยคน,ดึงได้แต่ไม่มีเนื้อหา ต้องตรวจด้วยตา
CRS-R15-04,R15,course,"CCNA: Switching, Routing, and Wireless Essentials",Cisco Networking Academy,https://www.netacad.com/courses/switching-routing-wireless-essentials,UNCLEAR,ต้องตรวจด้วยคน,ดึงได้แต่ไม่ยืนยันชื่อหลักสูตร ต้องตรวจด้วยตา
CRS-R18-09,R18,course,ServiceNow Fundamentals (Now Learning),ServiceNow,https://nowlearning.servicenow.com/,UNCLEAR,ต้องตรวจด้วยคน,ดึงได้แต่ไม่มีเนื้อหา ต้องตรวจด้วยตา
CRS-R02-07,R02,course,Responsive Website Development and Design Specialization,University of London,https://www.coursera.org/specializations/website-development,WRONG_CONTENT,ต้องตรวจด้วยคน,หน้าปลายทางไม่ตรงกับรายการที่บันทึกไว้ ต้องตรวจ
CRS-R03-06,R03,course,Flutter Development Bootcamp / Build Native Mobile Apps with Flutter,Google,https://www.udacity.com/course/build-native-mobile-apps-with-flutter--ud905,WRONG_CONTENT,ต้องตรวจด้วยคน,หน้าปลายทางไม่ใช่หลักสูตร Flutter ตามที่บันทึกไว้ ต้องตรวจ
CRS-R15-05,R15,course,Introduction to Junos,Juniper Networks,https://learningportal.juniper.net/,WRONG_CONTENT,ต้องตรวจด้วยคน,หน้าแสดงเนื้อหาของ HPE Aruba ไม่ใช่ Juniper ตามที่บันทึกไว้ ต้องตรวจ
CRT-R17-08,R17,certification,Red Hat Certified Engineer (RHCE),Red Hat,https://www.redhat.com/en/services/certification/rhce,WRONG_CONTENT,ต้องตรวจด้วยคน,หน้าปลายทางไม่ใช่ RHCE ตามที่บันทึกไว้ ต้องตรวจ
CRT-R03-04,R03,certification,App Development with Swift Certified User,Apple / Certiport,https://certiport.pearsonvue.com/Certifications/Apple/App-Development-with-Swift/Overview,DEAD_404,ต้องเปลี่ยนหรือลบรายการ,หน้าไม่พบ
CRT-R03-05,R03,certification,App Development with Swift Associate,Apple / Certiport,https://certiport.pearsonvue.com/Certifications/Apple/App-Development-with-Swift/Overview,DEAD_404,ต้องเปลี่ยนหรือลบรายการ,หน้าไม่พบ
CRT-R05-06,R05,certification,HFI Certified Usability Analyst (CUA),Human Factors International,https://www.humanfactors.com/certification/cua.asp,DEAD_404,ต้องเปลี่ยนหรือลบรายการ,หน้าไม่พบ (404) ต้องหา URL ใหม่
CRT-R05-07,R05,certification,HFI Certified User Experience Analyst (CXA),Human Factors International,https://www.humanfactors.com/certification/cxa.asp,DEAD_404,ต้องเปลี่ยนหรือลบรายการ,หน้าไม่พบ (404) ต้องหา URL ใหม่
CRT-R05-09,R05,certification,Adobe Certified Professional – Visual Design,Adobe / Certiport,https://certiport.pearsonvue.com/Certifications/Adobe/Certified-Professional/Overview,DEAD_404,ต้องเปลี่ยนหรือลบรายการ,หน้าไม่พบ ต้องหา URL ใหม่
CRT-R08-10,R08,certification,dbt Analytics Engineering Certification,dbt Labs,https://www.getdbt.com/certifications,DEAD_404,ต้องเปลี่ยนหรือลบรายการ,หน้าไม่พบ ต้องหา URL ใหม่
CRS-R08-09,R08,course,Introduction to Modern Data Engineering with Snowflake,Snowflake,https://www.coursera.org/learn/intro-modern-data-engineering-snowflake,DEAD_404,ต้องเปลี่ยนหรือลบรายการ,หน้าไม่พบ ต้องหา URL ใหม่
CRS-R08-10,R08,course,Data Engineering with Databricks,Databricks,https://www.databricks.com/learn/training/catalog,DEAD_404,ต้องเปลี่ยนหรือลบรายการ,หน้าไม่พบ ต้องหา URL ใหม่
CRT-R09-06,R09,certification,IIBA Certification in Business Data Analytics (CBDA),International Institute of Business Analysis,https://www.iiba.org/business-analysis-certifications/certification-in-business-data-analytics/,DEAD_404,ต้องเปลี่ยนหรือลบรายการ,หน้าไม่พบ ต้องหา URL ใหม่
CRT-R10-05,R10,certification,EDB PostgreSQL Associate Certification,EnterpriseDB,https://www.enterprisedb.com/services-support/edb-training,DEAD_404,ต้องเปลี่ยนหรือลบรายการ,หน้าไม่พบ ต้องหา URL ใหม่
CRS-R11-07,R11,course,Introduction to Cyber Security,New York University (NYUx),https://www.edx.org/certificates/professional-certificate/nyux-cybersecurity-fundamentals,DEAD_404,ต้องเปลี่ยนหรือลบรายการ,หน้าไม่พบ ต้องหา URL ใหม่
CRS-R11-09,R11,course,Palo Alto Networks Cybersecurity Specialization,Palo Alto Networks,https://www.coursera.org/specializations/palo-alto-networks-cybersecurity,DEAD_404,ต้องเปลี่ยนหรือลบรายการ,หน้าไม่พบ ต้องหา URL ใหม่
CRS-R12-07,R12,course,DevSecOps Essentials,IBM,https://www.coursera.org/learn/devsecops-essentials,DEAD_404,ต้องเปลี่ยนหรือลบรายการ,หน้าไม่พบ ต้องหา URL ใหม่
CRS-R12-09,R12,course,Palo Alto Networks Network Security Specialization,Palo Alto Networks,https://www.coursera.org/specializations/palo-alto-networks-network-security,DEAD_404,ต้องเปลี่ยนหรือลบรายการ,หน้าไม่พบ ต้องหา URL ใหม่หรือเปลี่ยนรายการ
CRT-R14-06,R14,certification,AccessData Certified Examiner (ACE),Exterro (AccessData),https://www.exterro.com/ftk-product-downloads/certification,DEAD_404,ต้องเปลี่ยนหรือลบรายการ,หน้าไม่พบ ต้องหา URL ใหม่
CRT-R14-07,R14,certification,Cellebrite Certified Operator (CCO),Cellebrite,https://cellebrite.com/en/training-overview/,DEAD_404,ต้องเปลี่ยนหรือลบรายการ,หน้าไม่พบ ต้องหา URL ใหม่
CRS-R14-04,R14,course,Cyber Incident Response Specialization,Infosec Institute,https://www.coursera.org/specializations/incident-response,DEAD_404,ต้องเปลี่ยนหรือลบรายการ,หน้าไม่พบ ต้องหา URL ใหม่
CRT-R15-03,R15,certification,Cisco Certified DevNet Associate,Cisco,https://www.cisco.com/site/us/en/learn/training-certifications/certifications/devnet/devnet-associate/index.html,DEAD_404,ต้องเปลี่ยนหรือลบรายการ,หน้าไม่พบ ต้องหา URL ใหม่
CRT-R15-10,R15,certification,Aruba Certified Switching Associate (ACSA),Hewlett Packard Enterprise (Aruba),https://www.hpe.com/us/en/learn/certification-overview.html,DEAD_404,ต้องเปลี่ยนหรือลบรายการ,หน้าไม่พบ ต้องหา URL ใหม่
CRS-R15-01,R15,course,Cisco Networking Basics Specialization,Cisco Learning and Certifications,https://www.coursera.org/specializations/networking-basics-cisco,DEAD_404,ต้องเปลี่ยนหรือลบรายการ,หน้าไม่พบ ต้องหา URL ใหม่
CRS-R15-09,R15,course,Palo Alto Networks Network Security Specialization,Palo Alto Networks,https://www.coursera.org/specializations/palo-alto-networks-network-security,DEAD_404,ต้องเปลี่ยนหรือลบรายการ,หน้าไม่พบ ต้องหา URL ใหม่หรือเปลี่ยนรายการ
CRT-R18-05,R18,certification,BCS International Diploma in Business Analysis,"BCS, The Chartered Institute for IT",https://www.bcs.org/qualifications-and-certifications/certifications-for-professionals/business-analysis-certifications/,DEAD_404,ต้องเปลี่ยนหรือลบรายการ,หน้าไม่พบ ต้องหา URL ใหม่
CRT-R18-07,R18,certification,IIBA Certification in Business Data Analytics (CBDA),International Institute of Business Analysis,https://www.iiba.org/business-analysis-certifications/certification-in-business-data-analytics/,DEAD_404,ต้องเปลี่ยนหรือลบรายการ,หน้าไม่พบ ต้องหา URL ใหม่
CRS-R18-01,R18,course,IBM Business Analyst Professional Certificate,IBM,https://www.coursera.org/professional-certificates/ibm-business-analyst,DEAD_404,ต้องเปลี่ยนหรือลบรายการ,หน้าไม่พบ ต้องหา URL ใหม่
CRS-R19-06,R19,course,Managing Project Risks and Changes,University of California Irvine,https://www.coursera.org/learn/uci-project-risk-management,DEAD_404,ต้องเปลี่ยนหรือลบรายการ,หน้าไม่พบ ต้องหา URL ใหม่
CRS-R19-09,R19,course,Introduction to Scrum Master Training,LearnQuest,https://www.coursera.org/learn/introduction-to-scrum-master-training,DEAD_404,ต้องเปลี่ยนหรือลบรายการ,หน้าไม่พบ ต้องหา URL ใหม่
CRT-R20-06,R20,certification,TOGAF Enterprise Architecture Practitioner,The Open Group,https://www.opengroup.org/certifications/togaf-enterprise-architecture-portfolio,DEAD_404,ต้องเปลี่ยนหรือลบรายการ,หน้าไม่พบ ต้องหา URL ใหม่
CRS-R20-08,R20,course,Cybersecurity for Managers / Cybersecurity Leadership,University of Colorado / Infosec,https://www.coursera.org/specializations/cybersecurity-for-business,DEAD_404,ต้องเปลี่ยนหรือลบรายการ,หน้าไม่พบ ต้องหา URL ใหม่
CRT-R01-03,R01,certification,Microsoft Certified: Azure Developer Associate,Microsoft,https://learn.microsoft.com/en-us/credentials/certifications/azure-developer/,GONE,ต้องเปลี่ยนหรือลบรายการ,หน้าระบุว่าเลิกให้บริการ ต้องตรวจซ้ำ
CRT-R02-01,R02,certification,Microsoft Certified: Azure Developer Associate,Microsoft,https://learn.microsoft.com/en-us/credentials/certifications/azure-developer/,GONE,ต้องเปลี่ยนหรือลบรายการ,หน้าระบุว่าเลิกให้บริการ ต้องตรวจซ้ำ
CRT-R03-02,R03,certification,Microsoft Certified: Azure Developer Associate,Microsoft,https://learn.microsoft.com/en-us/credentials/certifications/azure-developer/,GONE,ต้องเปลี่ยนหรือลบรายการ,หน้าระบุว่าเลิกให้บริการ ต้องตรวจซ้ำ
CRT-R06-01,R06,certification,Microsoft Certified: Azure Data Scientist Associate,Microsoft,https://learn.microsoft.com/en-us/credentials/certifications/azure-data-scientist/,GONE,ต้องเปลี่ยนหรือลบรายการ,หน้าระบุว่าเลิกให้บริการ ต้องตรวจซ้ำ
CRS-R06-08,R06,course,Statistics and Data Science MicroMasters,Massachusetts Institute of Technology (MITx),https://www.edx.org/masters/micromasters/mitx-statistics-and-data-science,GONE,ต้องเปลี่ยนหรือลบรายการ,หน้าระบุว่าหลักสูตรไม่เปิดแล้ว ต้องหารายการทดแทน
CRT-R07-05,R07,certification,Microsoft Certified: Azure Data Scientist Associate,Microsoft,https://learn.microsoft.com/en-us/credentials/certifications/azure-data-scientist/,GONE,ต้องเปลี่ยนหรือลบรายการ,หน้าระบุว่าเลิกให้บริการ ต้องตรวจซ้ำ
CRS-R14-09,R14,course,Memory Forensics with Volatility,Volatility Foundation,https://volatilityfoundation.org/training/,GONE,ต้องเปลี่ยนหรือลบรายการ,หน้าไม่มีหลักสูตรที่เปิดสอน ต้องตรวจซ้ำ
CRT-R02-03,R02,certification,OpenJS Node.js Application Developer (JSNAD),OpenJS Foundation,https://training.linuxfoundation.org/certification/jsnad/,RETIRED,ต้องเปลี่ยนหรือลบรายการ,หน้าระบุว่ายกเลิกแล้ว
CRT-R02-04,R02,certification,OpenJS Node.js Services Developer (JSNSD),OpenJS Foundation,https://training.linuxfoundation.org/certification/jsnsd/,RETIRED,ต้องเปลี่ยนหรือลบรายการ,หน้าระบุว่ายกเลิกตั้งแต่ 30 ก.ย. 2025
CRT-R06-03,R06,certification,AWS Certified Machine Learning – Specialty,Amazon Web Services,https://aws.amazon.com/certification/certified-machine-learning-specialty/,RETIRED,ต้องเปลี่ยนหรือลบรายการ,หน้าระบุวันสอบวันสุดท้าย 31 มี.ค. 2026 ซึ่งผ่านไปแล้ว
CRT-R06-05,R06,certification,TensorFlow Developer Certificate,Google / TensorFlow,https://www.tensorflow.org/certificate,RETIRED,ต้องเปลี่ยนหรือลบรายการ,หน้าระบุว่าโครงการใบรับรองยุติแล้ว
CRT-R07-03,R07,certification,AWS Certified Machine Learning – Specialty,Amazon Web Services,https://aws.amazon.com/certification/certified-machine-learning-specialty/,RETIRED,ต้องเปลี่ยนหรือลบรายการ,หน้าระบุวันสอบวันสุดท้าย 31 มี.ค. 2026 ซึ่งผ่านไปแล้ว
CRT-R07-04,R07,certification,Microsoft Certified: Azure AI Engineer Associate,Microsoft,https://learn.microsoft.com/en-us/credentials/certifications/azure-ai-engineer/,RETIRED,ต้องเปลี่ยนหรือลบรายการ,หน้าระบุว่าใบรับรองและการต่ออายุถูกยกเลิกแล้ว
CRT-R07-06,R07,certification,TensorFlow Developer Certificate,Google / TensorFlow,https://www.tensorflow.org/certificate,RETIRED,ต้องเปลี่ยนหรือลบรายการ,หน้าระบุว่าโครงการใบรับรองยุติแล้ว
CRS-R11-08,R11,course,MITRE ATT&CK Defender (MAD) – ATT&CK Fundamentals,MITRE Engenuity,https://mitre-engenuity.org/cybersecurity/mad/,SPAM_TAKEOVER,ต้องเปลี่ยนหรือลบรายการ,หน้าถูกแทนที่ด้วยเนื้อหาโฆษณาการพนัน ต้องลบรายการนี้ออกทันที
