n,key,title,provider,url,open,hours_number,hours_quote,audit,confidence,note
1,N01,Effective Problem-Solving and Decision-Making,University of California Irvine,https://www.coursera.org/learn/problem-solving,yes,8,"8 hours to complete; modules 2+2+2+2",free-enroll,high,Rating 4.6 (7631). Outcomes: mindset/bias in problem solving; org decisions impact; affordances/limitations of problem-solving
2,N02,Creative Thinking: Techniques and Tools for Success,Imperial College London,https://www.coursera.org/learn/creative-thinking-techniques-and-tools-for-success,yes,19,"2 weeks at 10 hours a week; 7 modules 3+3+3+4+3+1+2=19 (summary said approx 17)",free-enroll,low,Page-derived 17 vs module sum 19 conflict. Rating 4.7 (5208). Outcomes: what creative thinking techniques are; importance for global challenges/everyday; select and apply techniques
3,N03,Design Thinking for Innovation,University of Virginia (Darden School of Business),https://www.coursera.org/learn/uva-darden-designbiz,yes,6,"6 hours to complete; modules 1+1+1+1+3=7",yes (free to audit),low,Stated 6 vs module sum 7. Title is Design Thinking for Innovation. Rating 4.7 (9230). Outcomes: design thinking fundamentals; opportunity mindset; methods to create innovative solutions
4,N04,Systems Thinking Basics,Coursera (Coursera Instructor Network),https://www.coursera.org/learn/systems-thinking-basics,yes,2,"2 hours to complete; 1 module 2 hours",free-enroll,high,Rating 4.6 (90). Outcomes: analyze systems elements/feedback loops; apply tools to real problems; generate ideas via systems thinking
5,N05,Introduction to Systems Architecture,IBM,https://www.coursera.org/learn/introduction-to-systems-architecture,yes,13,"1 week to complete at 10 hours a week; 5 modules approx 13 hours",yes (free to audit),medium,Rating 4.9 (23). Outcomes: architecture fundamentals scalable design; architect roles/careers; hands-on design of IT systems
6,N06,Data Science Math Skills,Duke University,https://www.coursera.org/learn/datasciencemathskills,yes,13,"1 week at 10 hours a week; modules 4+3+3+3=13",free-enroll,high,Rating 4.5 (13023). Skills: Bayesian Statistics; Derivatives; data science math foundations
7,N07,Quality Improvement and Management,Board Infinity,https://www.coursera.org/learn/quality-improvement-and-management,yes,11,"1 week at 10 hours a week; modules 4+4+3=11",free-enroll,medium,Slug found via search; stated 10h vs module sum 11. Rating 4.3 (400). Outcomes: purpose of quality improvement; ISO 9001 benefits/requirements; translate customer needs to requirements
8,N08,Introduction to Technical Writing,Board Infinity,https://www.coursera.org/learn/technical-writing-introduction,yes,12,"1 week at 10 hours a week; 4 modules approx 3 hours each (12)",free-enroll,medium,Slug found via search; module hours approximate. Rating 4.3 (450). Outcomes: tech writing fundamentals; design documents with tools/GitHub; create manuals/API docs
9,N09,The Bits and Bytes of Computer Networking,Google,https://www.coursera.org/learn/computer-networking,yes,23,"2 weeks at 10 hours a week; modules 4+3+5+4+4+3=23 hours",free-enroll,medium,Re-fetch did not show any 19-hour statement; only 23 via module sum (cannot quote 19). Rating 4.7 (52719). Outcomes: five-layer model; TCP/IP protocols; troubleshooting tools
10,N10,Technical Support Fundamentals,Google,https://www.coursera.org/learn/technical-support-fundamentals,yes,20,"2 weeks at 10 hours a week; modules 3+4+5+2+4+2=20",free-enroll,high,Rating 4.8 (164722). Outcomes: binary system; assemble a computer; install an OS
11,N11,Programming for Everybody (Getting Started with Python),University of Michigan,https://www.coursera.org/learn/python,yes,17,"2 weeks at 10 hours a week; modules 1+2+2+4+3+2+3=17",free-enroll,high,Rating 4.8 (233736). Outcomes: install Python/first program; Python basics; variables
12,N12,Introduction to Software Engineering,IBM,https://www.coursera.org/learn/introduction-to-software-engineering,yes,15,"2 weeks at 10 hours a week; 6 modules approx 15 hours",free-enroll,medium,Rating 4.7 (4848). Outcomes: SE principles/SDLC; language types and Python constructs; architecture/design approaches
13,N13,Foundations of Project Management,Google,https://www.coursera.org/learn/project-management-foundations,yes,12,"1 week at 10 hours a week; modules 2+4+3+3=12",free-enroll,high,Title differs from slug label. Rating 4.9 (102041). Outcomes: PM skills/roles; PM life cycle; org structure/culture
14,N14,Introduction to Relational Databases (RDBMS),IBM,https://www.coursera.org/learn/introduction-to-relational-databases,yes,17,"2 weeks at 10 hours a week; modules 3+5+3+6=17",yes (free to audit),high,Rating 4.6 (798). Outcomes: data/database types; info models/ERDs; design relational schema
