old_url,title,status,new_url,evidence,confidence
https://academy.tricentis.com/,Tricentis Automation Specialist Level 1,unreadable,https://www.tricentis.com/academy,Old URL returns JS 'Loading' shell only. tricentis.com/academy (fetched) links Tosca training to academy.tricentis.com and promotes the Automation Specialist learning path; no exact AS1 page confirmed,low
https://certification-learning.hpe.com/tr/datasheet/certification/ACA-Switch,HPE Aruba Networking Certified Associate Switching,unreadable,https://certification-learning.hpe.com/tr/datacard/certification/ACA-Switch,Old URL timed out on fetch; both datasheet and datacard URLs appear in search results titled 'HPE Aruba Networking Certified Associate - Switching' (exam HPE6-A86 per third-party sources); datacard fetch returned only a shell title,medium
https://education.oracle.com/oracle-certification-path/pFamily_48,Oracle Java SE 21 Developer 1Z0-830,moved,https://education.oracle.com/java-se-21-developer-professional/pexam_1Z0-830,Old URL 403. Oracle University blog (fetched) gives this as the exam page for 1Z0-830; page itself returned empty/unreadable via fetch,medium
https://education.oracle.com/oracle-database-administration-2019-certified-professional/trackp_DBA19OCP,Oracle DBA 2019 OCP,unreadable,https://mylearn.oracle.com/ou/exam/oracle-database-administration-i-1z0-082/117252/110677/170382,Old URL 403. Search shows Oracle MyLearn exam page for 1Z0-082 (first exam of the track); MyLearn fetch returned only shell metadata. No track page URL confirmed,low
https://education.oracle.com/oracle-database-sql/pexam_1Z0-071,Oracle Database SQL Certified Associate 1Z0-071,moved,https://mylearn.oracle.com/ou/exam/oracle-database-sql-1z0-071/105037/110647/170369,Old URL 403. Search result 'Exam 1Z0-071: Oracle Database SQL - Oracle MyLearn'; fetch returned only shell metadata,medium
https://isqi.org/en/certification/a4q-selenium-tester-foundation,A4Q Selenium Tester Foundation,moved,https://isqi.org/A4Q-Certified-Selenium-4-Tester-Foundation-v3.0/CSeT-4F,Old URL 404. iSQI legacy page (fetched) states Selenium 3 syllabus superseded from 12 Apr 2023 by A4Q Certified Selenium 4 Tester Foundation v3.0 (link given); legacy page https://isqi.org/A4Q-Certified-Selenium-Tester-Foundation/CSeT-F still readable,high
https://learn.getdbt.com/,dbt Fundamentals course,moved,https://learn.getdbt.com/courses/dbt-fundamentals,Root is a JS-only shell. Search result 'dbt Fundamentals - dbt Learn' at this URL (also dbt-fundamentals-vs-code variant); fetch shows JS-only shell so details unverified,medium
https://learn.mongodb.com/pages/mongodb-associate-database-administrator-exam,MongoDB Associate DBA,moved,https://learn.mongodb.com/courses/database-administrator-certification-exam,"Old URL loads only a JS shell. Search result 'MongoDB Associate DBA Course Exam' at new URL; truecert.co (fetched) says Associate DBA exam still active in 2026, $150 per attempt",medium
https://learn.mongodb.com/pages/mongodb-associate-developer-exam,MongoDB Associate Developer,unreadable,https://learn.mongodb.com/pages/certification-program,"Old URL loads only a JS shell. Exam active per truecert.co ($150); exact new exam page URL not found in results, certification-program page is JS-only",low
https://learningportal.juniper.net/,Introduction to Junos (IJOS),moved,https://learningportal.juniper.net/juniper/user_activity_info.aspx?id=10179,"Root page lists no IJOS course. Fetched page 'Sneakpeek: Introduction to the Junos Operating System (IJOS) On-Demand' is self-paced, foundational, lab-based",medium
https://nowlearning.servicenow.com/,ServiceNow Fundamentals,moved,https://learning.servicenow.com/lxp/lxp?id=learning_course_prev&course_id=e4383a8cdb5eff40de3cdb85ca96190e,Old domain returns only title shell. Search result 'ServiceNow Fundamentals - Now Learning' on learning.servicenow.com; not fetched,medium
https://www.accessibilityassociation.org/s/certified-professional,IAAP CPACC,moved,https://www.accessibilityassociation.org/cpacc,Old URL is shell with no CPACC content. Search result 'CPACC' at this URL; fetch returned shell only,medium
https://www.accessibilityassociation.org/s/wascertification,IAAP WAS,unreadable,https://www.accessibilityassociation.org/sfsites/c/resource/WASBoK_PDF,Old URL shell with no WAS content. Search shows WAS Body of Knowledge (Oct 2024) PDF; no WAS landing page URL found (not fetched),low
https://www.cloudskillsboost.google/paths/34,Google Cloud Security Engineer learning path,moved,https://www.skills.google/paths/15,"Old URL 403. paths/15 (cloudskillsboost redirects to skills.google) fetched: 'Professional Security Engineer Certification', 25 activities. Mapping from paths/34 is inferred by title, not confirmed",medium
https://www.coursera.org/specializations/website-development,Responsive Website Development and Design Specialization (University of London),unreadable,https://www-china.coursera.org/specializations/website-development,"Old URL fetch returned only generic Coursera homepage content. Search lists same slug on www-china host; Class Central says offered by Goldsmiths, University of London; hours not verified",low
https://www.istqb.org/certifications/performance-testing,ISTQB CT-PT,moved,https://istqb.org/certifications/certified-tester-performance-testing-ct-pt/,"Old URL 404. New page fetched: Certified Tester Performance Testing; 40 questions, 90 min, pass 26/40; requires Foundation",high
https://www.juniper.net/us/en/training/certification.html,JNCIA-Junos,moved,https://www.juniper.net/us/en/training/certification/tracks/junos/jncia-junos.html,"Old URL returned 503. Search: 'Junos, Associate (JNCIA-Junos) Certification Overview'; fetch redirects (302) to learningportal.juniper.net id=14354, not followed",medium
https://www.netacad.com/courses/switching-routing-wireless-essentials,CCNA SRWE,moved,https://www.netacad.com/courses/ccna-switching-routing-wireless-essentials?courseLang=en-US,"Old URL JS shell. New URL fetched: 'CCNA: Switching, Routing, and Wireless Essentials'; hours not shown (JS)",medium
https://www.offsec.com/courses/web-200/,OSWA / WEB-200,unreadable,https://www.offsec.com/courses/web-200/,"Fetch hits JS redirect challenge. Same URL appears in search as 'Get your OSWA Certification with WEB-200', so likely still valid",medium
https://www.peoplecert.org/browse-certifications/it-governance-and-service-management/ITIL,ITIL,moved,https://www.peoplecert.org/browse-certifications/it-governance-and-service-management/ITIL-1/itil-4-foundation-2565,"Old URL 500. New page fetched: ITIL 4 Foundation, 40 Q / 60 min, 65% pass; family hub is .../ITIL-1",high
https://www.peoplecert.org/browse-certifications/project-programme-and-portfolio-management/PRINCE2,PRINCE2,moved,https://www.peoplecert.org/browse-certifications/project-programme-and-portfolio-management/PRINCE2-2,Old URL 500. New hub fetched: PRINCE2 Foundation and Practitioner (Version 7); Foundation from US$701,high
https://www.redhat.com/en/services/certification/rhce,Red Hat RHCE,moved,https://www.redhat.com/en/services/certification/red-hat-certified-engineer-in-enterprise-linux,Old URL now generic certifications overview. Fetched new page: RHCE in Enterprise Linux requires RHCSA and EX342; legacy EX294 is now the Ansible exam,medium
https://www.scrum.org/assessments/professional-scrum-developer-i-assessment,PSD I,moved,https://www.scrum.org/assessments/professional-scrum-developer-certification,Old URL returned empty. Search result 'Professional Scrum Developer Certification'; fetch of new URL also empty,medium
https://www.scrum.org/assessments/professional-scrum-master-i-assessment,PSM I,moved,https://www.scrum.org/assessments/professional-scrum-master-i-certification,Old URL returned empty. Search result 'Professional Scrum Master I Certification'; fetch empty,medium
https://www.scrum.org/assessments/professional-scrum-product-owner-i-assessment,PSPO I,moved,https://www.scrum.org/assessments/professional-scrum-product-owner-i-certification,Old URL returned empty. Search result 'Professional Scrum Product Owner I Certification'; fetch empty,medium
https://www.tableau.com/learn/certification/certified-data-analyst,Tableau Certified Data Analyst,moved,https://trailheadacademy.salesforce.com/certificate/exam-tableau-data-analyst---Analytics-DA-201,"Old URL 302-redirects here (Salesforce Certified Tableau Data Analyst, Analytics-DA-201); target is JS shell. Trailhead prep page fetched: 60 Q, 65% pass, $200",medium
https://www.tableau.com/learn/certification/desktop-specialist,Tableau Desktop Specialist,moved,https://trailheadacademy.salesforce.com/certificate/exam-tableau-desktop-found---Analytics-101,Old URL 302-redirects here; renamed Salesforce Certified Tableau Desktop Foundations (Analytics-101); target is JS shell,medium
https://www.udacity.com/course/build-native-mobile-apps-with-flutter--ud905,Flutter course (gone from Udacity),not_found,,Fetch returns generic Udacity programming catalog page with no Flutter course,high
,"Flutter and Dart: Developing iOS, Android, and Mobile Apps (IBM, Coursera)",replacement,https://www.coursera.org/learn/flutter-and-dart-developing-ios-android-mobile-apps,"Fetched and readable. Provider IBM via Coursera; about 20 hours (2 weeks at 10 h/week); beginner; free audit, certificate paid or Coursera Plus; 5 modules with capstone",high
