role_id,domain,element_id,element_name,importance_im,level_lv,excluded_by,exclusion_reason
R01,Abilities,1.A.1.a.1,Oral Comprehension,3.75,4.12,DEC-07,"O*NET Abilities (1.A.*) are enduring natural talents, not acquired competencies; not evidenceable from a resume and not addressable by any item in the frozen recommendation corpus."
R01,Abilities,1.A.1.a.2,Written Comprehension,3.75,4.38,DEC-07,"O*NET Abilities (1.A.*) are enduring natural talents, not acquired competencies; not evidenceable from a resume and not addressable by any item in the frozen recommendation corpus."
R01,Abilities,1.A.1.a.3,Oral Expression,3.75,4.12,DEC-07,"O*NET Abilities (1.A.*) are enduring natural talents, not acquired competencies; not evidenceable from a resume and not addressable by any item in the frozen recommendation corpus."
R01,Abilities,1.A.1.a.4,Written Expression,3.5,4.0,DEC-07,"O*NET Abilities (1.A.*) are enduring natural talents, not acquired competencies; not evidenceable from a resume and not addressable by any item in the frozen recommendation corpus."
R01,Abilities,1.A.1.b.1,Fluency of Ideas,3.25,3.62,DEC-07,"O*NET Abilities (1.A.*) are enduring natural talents, not acquired competencies; not evidenceable from a resume and not addressable by any item in the frozen recommendation corpus."
R01,Abilities,1.A.1.b.2,Originality,3.12,3.38,DEC-07,"O*NET Abilities (1.A.*) are enduring natural talents, not acquired competencies; not evidenceable from a resume and not addressable by any item in the frozen recommendation corpus."
R01,Abilities,1.A.1.b.3,Problem Sensitivity,3.75,3.88,DEC-07,"O*NET Abilities (1.A.*) are enduring natural talents, not acquired competencies; not evidenceable from a resume and not addressable by any item in the frozen recommendation corpus."
R01,Abilities,1.A.1.b.4,Deductive Reasoning,3.75,4.0,DEC-07,"O*NET Abilities (1.A.*) are enduring natural talents, not acquired competencies; not evidenceable from a resume and not addressable by any item in the frozen recommendation corpus."
R01,Abilities,1.A.1.b.5,Inductive Reasoning,3.5,3.88,DEC-07,"O*NET Abilities (1.A.*) are enduring natural talents, not acquired competencies; not evidenceable from a resume and not addressable by any item in the frozen recommendation corpus."
R01,Abilities,1.A.1.b.6,Information Ordering,3.62,3.88,DEC-07,"O*NET Abilities (1.A.*) are enduring natural talents, not acquired competencies; not evidenceable from a resume and not addressable by any item in the frozen recommendation corpus."
R01,Abilities,1.A.1.b.7,Category Flexibility,3.5,3.75,DEC-07,"O*NET Abilities (1.A.*) are enduring natural talents, not acquired competencies; not evidenceable from a resume and not addressable by any item in the frozen recommendation corpus."
R01,Abilities,1.A.1.g.1,Selective Attention,3.12,2.88,DEC-07,"O*NET Abilities (1.A.*) are enduring natural talents, not acquired competencies; not evidenceable from a resume and not addressable by any item in the frozen recommendation corpus."
R01,Abilities,1.A.4.a.1,Near Vision,3.75,3.75,DEC-07,"O*NET Abilities (1.A.*) are enduring natural talents, not acquired competencies; not evidenceable from a resume and not addressable by any item in the frozen recommendation corpus."
R01,Abilities,1.A.4.b.4,Speech Recognition,3.38,3.25,DEC-07,"O*NET Abilities (1.A.*) are enduring natural talents, not acquired competencies; not evidenceable from a resume and not addressable by any item in the frozen recommendation corpus."
R01,Abilities,1.A.4.b.5,Speech Clarity,3.0,3.25,DEC-07,"O*NET Abilities (1.A.*) are enduring natural talents, not acquired competencies; not evidenceable from a resume and not addressable by any item in the frozen recommendation corpus."
R02,Abilities,1.A.1.a.1,Oral Comprehension,3.75,4.0,DEC-07,"O*NET Abilities (1.A.*) are enduring natural talents, not acquired competencies; not evidenceable from a resume and not addressable by any item in the frozen recommendation corpus."
R02,Abilities,1.A.1.a.2,Written Comprehension,3.62,3.88,DEC-07,"O*NET Abilities (1.A.*) are enduring natural talents, not acquired competencies; not evidenceable from a resume and not addressable by any item in the frozen recommendation corpus."
R02,Abilities,1.A.1.a.3,Oral Expression,3.25,4.0,DEC-07,"O*NET Abilities (1.A.*) are enduring natural talents, not acquired competencies; not evidenceable from a resume and not addressable by any item in the frozen recommendation corpus."
R02,Abilities,1.A.1.a.4,Written Expression,3.12,3.62,DEC-07,"O*NET Abilities (1.A.*) are enduring natural talents, not acquired competencies; not evidenceable from a resume and not addressable by any item in the frozen recommendation corpus."
R02,Abilities,1.A.1.b.1,Fluency of Ideas,3.25,3.62,DEC-07,"O*NET Abilities (1.A.*) are enduring natural talents, not acquired competencies; not evidenceable from a resume and not addressable by any item in the frozen recommendation corpus."
R02,Abilities,1.A.1.b.2,Originality,3.12,3.62,DEC-07,"O*NET Abilities (1.A.*) are enduring natural talents, not acquired competencies; not evidenceable from a resume and not addressable by any item in the frozen recommendation corpus."
R02,Abilities,1.A.1.b.3,Problem Sensitivity,3.62,3.75,DEC-07,"O*NET Abilities (1.A.*) are enduring natural talents, not acquired competencies; not evidenceable from a resume and not addressable by any item in the frozen recommendation corpus."
R02,Abilities,1.A.1.b.4,Deductive Reasoning,3.88,4.0,DEC-07,"O*NET Abilities (1.A.*) are enduring natural talents, not acquired competencies; not evidenceable from a resume and not addressable by any item in the frozen recommendation corpus."
R02,Abilities,1.A.1.b.5,Inductive Reasoning,3.5,3.38,DEC-07,"O*NET Abilities (1.A.*) are enduring natural talents, not acquired competencies; not evidenceable from a resume and not addressable by any item in the frozen recommendation corpus."
R02,Abilities,1.A.1.b.6,Information Ordering,3.5,3.75,DEC-07,"O*NET Abilities (1.A.*) are enduring natural talents, not acquired competencies; not evidenceable from a resume and not addressable by any item in the frozen recommendation corpus."
R02,Abilities,1.A.1.b.7,Category Flexibility,3.25,3.5,DEC-07,"O*NET Abilities (1.A.*) are enduring natural talents, not acquired competencies; not evidenceable from a resume and not addressable by any item in the frozen recommendation corpus."
R02,Abilities,1.A.1.c.1,Mathematical Reasoning,3.12,2.88,DEC-07,"O*NET Abilities (1.A.*) are enduring natural talents, not acquired competencies; not evidenceable from a resume and not addressable by any item in the frozen recommendation corpus."
R02,Abilities,1.A.1.e.2,Flexibility of Closure,3.12,3.38,DEC-07,"O*NET Abilities (1.A.*) are enduring natural talents, not acquired competencies; not evidenceable from a resume and not addressable by any item in the frozen recommendation corpus."
R02,Abilities,1.A.1.e.3,Perceptual Speed,3.0,3.12,DEC-07,"O*NET Abilities (1.A.*) are enduring natural talents, not acquired competencies; not evidenceable from a resume and not addressable by any item in the frozen recommendation corpus."
R02,Abilities,1.A.1.f.2,Visualization,3.12,3.62,DEC-07,"O*NET Abilities (1.A.*) are enduring natural talents, not acquired competencies; not evidenceable from a resume and not addressable by any item in the frozen recommendation corpus."
R02,Abilities,1.A.1.g.1,Selective Attention,3.12,3.25,DEC-07,"O*NET Abilities (1.A.*) are enduring natural talents, not acquired competencies; not evidenceable from a resume and not addressable by any item in the frozen recommendation corpus."
R02,Abilities,1.A.4.a.1,Near Vision,3.62,4.0,DEC-07,"O*NET Abilities (1.A.*) are enduring natural talents, not acquired competencies; not evidenceable from a resume and not addressable by any item in the frozen recommendation corpus."
R02,Abilities,1.A.4.b.4,Speech Recognition,3.38,3.62,DEC-07,"O*NET Abilities (1.A.*) are enduring natural talents, not acquired competencies; not evidenceable from a resume and not addressable by any item in the frozen recommendation corpus."
R02,Abilities,1.A.4.b.5,Speech Clarity,3.38,3.12,DEC-07,"O*NET Abilities (1.A.*) are enduring natural talents, not acquired competencies; not evidenceable from a resume and not addressable by any item in the frozen recommendation corpus."
R03,Abilities,1.A.1.a.1,Oral Comprehension,3.88,4.0,DEC-07,"O*NET Abilities (1.A.*) are enduring natural talents, not acquired competencies; not evidenceable from a resume and not addressable by any item in the frozen recommendation corpus."
R03,Abilities,1.A.1.a.2,Written Comprehension,4.0,4.0,DEC-07,"O*NET Abilities (1.A.*) are enduring natural talents, not acquired competencies; not evidenceable from a resume and not addressable by any item in the frozen recommendation corpus."
R03,Abilities,1.A.1.a.3,Oral Expression,3.5,3.75,DEC-07,"O*NET Abilities (1.A.*) are enduring natural talents, not acquired competencies; not evidenceable from a resume and not addressable by any item in the frozen recommendation corpus."
R03,Abilities,1.A.1.a.4,Written Expression,3.25,3.75,DEC-07,"O*NET Abilities (1.A.*) are enduring natural talents, not acquired competencies; not evidenceable from a resume and not addressable by any item in the frozen recommendation corpus."
R03,Abilities,1.A.1.b.1,Fluency of Ideas,3.0,3.38,DEC-07,"O*NET Abilities (1.A.*) are enduring natural talents, not acquired competencies; not evidenceable from a resume and not addressable by any item in the frozen recommendation corpus."
R03,Abilities,1.A.1.b.2,Originality,3.0,3.25,DEC-07,"O*NET Abilities (1.A.*) are enduring natural talents, not acquired competencies; not evidenceable from a resume and not addressable by any item in the frozen recommendation corpus."
R03,Abilities,1.A.1.b.3,Problem Sensitivity,3.75,3.75,DEC-07,"O*NET Abilities (1.A.*) are enduring natural talents, not acquired competencies; not evidenceable from a resume and not addressable by any item in the frozen recommendation corpus."
R03,Abilities,1.A.1.b.4,Deductive Reasoning,3.75,3.88,DEC-07,"O*NET Abilities (1.A.*) are enduring natural talents, not acquired competencies; not evidenceable from a resume and not addressable by any item in the frozen recommendation corpus."
R03,Abilities,1.A.1.b.5,Inductive Reasoning,3.75,3.88,DEC-07,"O*NET Abilities (1.A.*) are enduring natural talents, not acquired competencies; not evidenceable from a resume and not addressable by any item in the frozen recommendation corpus."
R03,Abilities,1.A.1.b.6,Information Ordering,3.75,4.0,DEC-07,"O*NET Abilities (1.A.*) are enduring natural talents, not acquired competencies; not evidenceable from a resume and not addressable by any item in the frozen recommendation corpus."
R03,Abilities,1.A.1.c.1,Mathematical Reasoning,3.12,3.12,DEC-07,"O*NET Abilities (1.A.*) are enduring natural talents, not acquired competencies; not evidenceable from a resume and not addressable by any item in the frozen recommendation corpus."
R03,Abilities,1.A.1.c.2,Number Facility,3.12,3.12,DEC-07,"O*NET Abilities (1.A.*) are enduring natural talents, not acquired competencies; not evidenceable from a resume and not addressable by any item in the frozen recommendation corpus."
R03,Abilities,1.A.1.e.2,Flexibility of Closure,3.0,3.12,DEC-07,"O*NET Abilities (1.A.*) are enduring natural talents, not acquired competencies; not evidenceable from a resume and not addressable by any item in the frozen recommendation corpus."
R03,Abilities,1.A.1.g.1,Selective Attention,3.12,3.12,DEC-07,"O*NET Abilities (1.A.*) are enduring natural talents, not acquired competencies; not evidenceable from a resume and not addressable by any item in the frozen recommendation corpus."
R03,Abilities,1.A.4.a.1,Near Vision,3.88,3.88,DEC-07,"O*NET Abilities (1.A.*) are enduring natural talents, not acquired competencies; not evidenceable from a resume and not addressable by any item in the frozen recommendation corpus."
R03,Abilities,1.A.4.b.4,Speech Recognition,3.25,3.0,DEC-07,"O*NET Abilities (1.A.*) are enduring natural talents, not acquired competencies; not evidenceable from a resume and not addressable by any item in the frozen recommendation corpus."
R03,Abilities,1.A.4.b.5,Speech Clarity,3.12,3.12,DEC-07,"O*NET Abilities (1.A.*) are enduring natural talents, not acquired competencies; not evidenceable from a resume and not addressable by any item in the frozen recommendation corpus."
R04,Abilities,1.A.1.a.1,Oral Comprehension,4.0,4.12,DEC-07,"O*NET Abilities (1.A.*) are enduring natural talents, not acquired competencies; not evidenceable from a resume and not addressable by any item in the frozen recommendation corpus."
R04,Abilities,1.A.1.a.2,Written Comprehension,4.0,4.12,DEC-07,"O*NET Abilities (1.A.*) are enduring natural talents, not acquired competencies; not evidenceable from a resume and not addressable by any item in the frozen recommendation corpus."
R04,Abilities,1.A.1.a.3,Oral Expression,4.0,4.12,DEC-07,"O*NET Abilities (1.A.*) are enduring natural talents, not acquired competencies; not evidenceable from a resume and not addressable by any item in the frozen recommendation corpus."
R04,Abilities,1.A.1.a.4,Written Expression,3.88,3.88,DEC-07,"O*NET Abilities (1.A.*) are enduring natural talents, not acquired competencies; not evidenceable from a resume and not addressable by any item in the frozen recommendation corpus."
R04,Abilities,1.A.1.b.1,Fluency of Ideas,3.0,3.12,DEC-07,"O*NET Abilities (1.A.*) are enduring natural talents, not acquired competencies; not evidenceable from a resume and not addressable by any item in the frozen recommendation corpus."
R04,Abilities,1.A.1.b.2,Originality,3.0,3.0,DEC-07,"O*NET Abilities (1.A.*) are enduring natural talents, not acquired competencies; not evidenceable from a resume and not addressable by any item in the frozen recommendation corpus."
R04,Abilities,1.A.1.b.3,Problem Sensitivity,4.0,4.12,DEC-07,"O*NET Abilities (1.A.*) are enduring natural talents, not acquired competencies; not evidenceable from a resume and not addressable by any item in the frozen recommendation corpus."
R04,Abilities,1.A.1.b.4,Deductive Reasoning,4.0,4.0,DEC-07,"O*NET Abilities (1.A.*) are enduring natural talents, not acquired competencies; not evidenceable from a resume and not addressable by any item in the frozen recommendation corpus."
R04,Abilities,1.A.1.b.5,Inductive Reasoning,4.0,4.0,DEC-07,"O*NET Abilities (1.A.*) are enduring natural talents, not acquired competencies; not evidenceable from a resume and not addressable by any item in the frozen recommendation corpus."
R04,Abilities,1.A.1.b.6,Information Ordering,3.75,4.0,DEC-07,"O*NET Abilities (1.A.*) are enduring natural talents, not acquired competencies; not evidenceable from a resume and not addressable by any item in the frozen recommendation corpus."
R04,Abilities,1.A.1.b.7,Category Flexibility,3.12,3.12,DEC-07,"O*NET Abilities (1.A.*) are enduring natural talents, not acquired competencies; not evidenceable from a resume and not addressable by any item in the frozen recommendation corpus."
R04,Abilities,1.A.1.e.2,Flexibility of Closure,3.12,3.38,DEC-07,"O*NET Abilities (1.A.*) are enduring natural talents, not acquired competencies; not evidenceable from a resume and not addressable by any item in the frozen recommendation corpus."
R04,Abilities,1.A.1.e.3,Perceptual Speed,3.12,3.12,DEC-07,"O*NET Abilities (1.A.*) are enduring natural talents, not acquired competencies; not evidenceable from a resume and not addressable by any item in the frozen recommendation corpus."
R04,Abilities,1.A.1.g.1,Selective Attention,3.0,3.0,DEC-07,"O*NET Abilities (1.A.*) are enduring natural talents, not acquired competencies; not evidenceable from a resume and not addressable by any item in the frozen recommendation corpus."
R04,Abilities,1.A.4.a.1,Near Vision,3.62,3.62,DEC-07,"O*NET Abilities (1.A.*) are enduring natural talents, not acquired competencies; not evidenceable from a resume and not addressable by any item in the frozen recommendation corpus."
R04,Abilities,1.A.4.b.4,Speech Recognition,3.25,3.12,DEC-07,"O*NET Abilities (1.A.*) are enduring natural talents, not acquired competencies; not evidenceable from a resume and not addressable by any item in the frozen recommendation corpus."
R04,Abilities,1.A.4.b.5,Speech Clarity,3.0,3.0,DEC-07,"O*NET Abilities (1.A.*) are enduring natural talents, not acquired competencies; not evidenceable from a resume and not addressable by any item in the frozen recommendation corpus."
R05,Abilities,1.A.1.a.1,Oral Comprehension,3.5,4.0,DEC-07,"O*NET Abilities (1.A.*) are enduring natural talents, not acquired competencies; not evidenceable from a resume and not addressable by any item in the frozen recommendation corpus."
R05,Abilities,1.A.1.a.2,Written Comprehension,3.75,4.12,DEC-07,"O*NET Abilities (1.A.*) are enduring natural talents, not acquired competencies; not evidenceable from a resume and not addressable by any item in the frozen recommendation corpus."
R05,Abilities,1.A.1.a.3,Oral Expression,3.38,3.62,DEC-07,"O*NET Abilities (1.A.*) are enduring natural talents, not acquired competencies; not evidenceable from a resume and not addressable by any item in the frozen recommendation corpus."
R05,Abilities,1.A.1.a.4,Written Expression,3.38,3.75,DEC-07,"O*NET Abilities (1.A.*) are enduring natural talents, not acquired competencies; not evidenceable from a resume and not addressable by any item in the frozen recommendation corpus."
R05,Abilities,1.A.1.b.1,Fluency of Ideas,3.38,3.38,DEC-07,"O*NET Abilities (1.A.*) are enduring natural talents, not acquired competencies; not evidenceable from a resume and not addressable by any item in the frozen recommendation corpus."
R05,Abilities,1.A.1.b.2,Originality,3.25,3.38,DEC-07,"O*NET Abilities (1.A.*) are enduring natural talents, not acquired competencies; not evidenceable from a resume and not addressable by any item in the frozen recommendation corpus."
R05,Abilities,1.A.1.b.3,Problem Sensitivity,3.62,3.5,DEC-07,"O*NET Abilities (1.A.*) are enduring natural talents, not acquired competencies; not evidenceable from a resume and not addressable by any item in the frozen recommendation corpus."
R05,Abilities,1.A.1.b.4,Deductive Reasoning,3.5,3.38,DEC-07,"O*NET Abilities (1.A.*) are enduring natural talents, not acquired competencies; not evidenceable from a resume and not addressable by any item in the frozen recommendation corpus."
R05,Abilities,1.A.1.b.5,Inductive Reasoning,3.12,3.25,DEC-07,"O*NET Abilities (1.A.*) are enduring natural talents, not acquired competencies; not evidenceable from a resume and not addressable by any item in the frozen recommendation corpus."
R05,Abilities,1.A.1.b.6,Information Ordering,3.38,3.5,DEC-07,"O*NET Abilities (1.A.*) are enduring natural talents, not acquired competencies; not evidenceable from a resume and not addressable by any item in the frozen recommendation corpus."
R05,Abilities,1.A.1.b.7,Category Flexibility,3.0,3.12,DEC-07,"O*NET Abilities (1.A.*) are enduring natural talents, not acquired competencies; not evidenceable from a resume and not addressable by any item in the frozen recommendation corpus."
R05,Abilities,1.A.1.e.2,Flexibility of Closure,3.12,3.12,DEC-07,"O*NET Abilities (1.A.*) are enduring natural talents, not acquired competencies; not evidenceable from a resume and not addressable by any item in the frozen recommendation corpus."
R05,Abilities,1.A.1.g.1,Selective Attention,3.0,3.12,DEC-07,"O*NET Abilities (1.A.*) are enduring natural talents, not acquired competencies; not evidenceable from a resume and not addressable by any item in the frozen recommendation corpus."
R05,Abilities,1.A.4.a.1,Near Vision,3.62,3.62,DEC-07,"O*NET Abilities (1.A.*) are enduring natural talents, not acquired competencies; not evidenceable from a resume and not addressable by any item in the frozen recommendation corpus."
R05,Abilities,1.A.4.b.4,Speech Recognition,3.25,3.12,DEC-07,"O*NET Abilities (1.A.*) are enduring natural talents, not acquired competencies; not evidenceable from a resume and not addressable by any item in the frozen recommendation corpus."
R05,Abilities,1.A.4.b.5,Speech Clarity,3.0,2.88,DEC-07,"O*NET Abilities (1.A.*) are enduring natural talents, not acquired competencies; not evidenceable from a resume and not addressable by any item in the frozen recommendation corpus."
R06,Abilities,1.A.1.a.1,Oral Comprehension,3.75,4.62,DEC-07,"O*NET Abilities (1.A.*) are enduring natural talents, not acquired competencies; not evidenceable from a resume and not addressable by any item in the frozen recommendation corpus."
R06,Abilities,1.A.1.a.2,Written Comprehension,4.0,4.5,DEC-07,"O*NET Abilities (1.A.*) are enduring natural talents, not acquired competencies; not evidenceable from a resume and not addressable by any item in the frozen recommendation corpus."
R06,Abilities,1.A.1.a.3,Oral Expression,3.62,4.5,DEC-07,"O*NET Abilities (1.A.*) are enduring natural talents, not acquired competencies; not evidenceable from a resume and not addressable by any item in the frozen recommendation corpus."
R06,Abilities,1.A.1.a.4,Written Expression,3.88,4.25,DEC-07,"O*NET Abilities (1.A.*) are enduring natural talents, not acquired competencies; not evidenceable from a resume and not addressable by any item in the frozen recommendation corpus."
R06,Abilities,1.A.1.b.1,Fluency of Ideas,3.12,3.62,DEC-07,"O*NET Abilities (1.A.*) are enduring natural talents, not acquired competencies; not evidenceable from a resume and not addressable by any item in the frozen recommendation corpus."
R06,Abilities,1.A.1.b.2,Originality,3.38,3.88,DEC-07,"O*NET Abilities (1.A.*) are enduring natural talents, not acquired competencies; not evidenceable from a resume and not addressable by any item in the frozen recommendation corpus."
R06,Abilities,1.A.1.b.3,Problem Sensitivity,3.88,4.0,DEC-07,"O*NET Abilities (1.A.*) are enduring natural talents, not acquired competencies; not evidenceable from a resume and not addressable by any item in the frozen recommendation corpus."
R06,Abilities,1.A.1.b.4,Deductive Reasoning,4.25,4.75,DEC-07,"O*NET Abilities (1.A.*) are enduring natural talents, not acquired competencies; not evidenceable from a resume and not addressable by any item in the frozen recommendation corpus."
R06,Abilities,1.A.1.b.5,Inductive Reasoning,4.25,4.75,DEC-07,"O*NET Abilities (1.A.*) are enduring natural talents, not acquired competencies; not evidenceable from a resume and not addressable by any item in the frozen recommendation corpus."
R06,Abilities,1.A.1.b.6,Information Ordering,4.12,4.12,DEC-07,"O*NET Abilities (1.A.*) are enduring natural talents, not acquired competencies; not evidenceable from a resume and not addressable by any item in the frozen recommendation corpus."
R06,Abilities,1.A.1.b.7,Category Flexibility,3.75,3.75,DEC-07,"O*NET Abilities (1.A.*) are enduring natural talents, not acquired competencies; not evidenceable from a resume and not addressable by any item in the frozen recommendation corpus."
R06,Abilities,1.A.1.c.1,Mathematical Reasoning,4.12,4.38,DEC-07,"O*NET Abilities (1.A.*) are enduring natural talents, not acquired competencies; not evidenceable from a resume and not addressable by any item in the frozen recommendation corpus."
R06,Abilities,1.A.1.c.2,Number Facility,3.62,4.0,DEC-07,"O*NET Abilities (1.A.*) are enduring natural talents, not acquired competencies; not evidenceable from a resume and not addressable by any item in the frozen recommendation corpus."
R06,Abilities,1.A.1.e.1,Speed of Closure,3.0,3.25,DEC-07,"O*NET Abilities (1.A.*) are enduring natural talents, not acquired competencies; not evidenceable from a resume and not addressable by any item in the frozen recommendation corpus."
R06,Abilities,1.A.1.e.2,Flexibility of Closure,3.5,3.5,DEC-07,"O*NET Abilities (1.A.*) are enduring natural talents, not acquired competencies; not evidenceable from a resume and not addressable by any item in the frozen recommendation corpus."
R06,Abilities,1.A.1.g.1,Selective Attention,3.25,3.25,DEC-07,"O*NET Abilities (1.A.*) are enduring natural talents, not acquired competencies; not evidenceable from a resume and not addressable by any item in the frozen recommendation corpus."
R06,Abilities,1.A.4.a.1,Near Vision,3.88,3.88,DEC-07,"O*NET Abilities (1.A.*) are enduring natural talents, not acquired competencies; not evidenceable from a resume and not addressable by any item in the frozen recommendation corpus."
R06,Abilities,1.A.4.b.4,Speech Recognition,3.25,3.25,DEC-07,"O*NET Abilities (1.A.*) are enduring natural talents, not acquired competencies; not evidenceable from a resume and not addressable by any item in the frozen recommendation corpus."
R06,Abilities,1.A.4.b.5,Speech Clarity,3.62,3.62,DEC-07,"O*NET Abilities (1.A.*) are enduring natural talents, not acquired competencies; not evidenceable from a resume and not addressable by any item in the frozen recommendation corpus."
R07,Abilities,1.A.1.a.1,Oral Comprehension,4.0,4.75,DEC-07,"O*NET Abilities (1.A.*) are enduring natural talents, not acquired competencies; not evidenceable from a resume and not addressable by any item in the frozen recommendation corpus."
R07,Abilities,1.A.1.a.2,Written Comprehension,3.88,4.38,DEC-07,"O*NET Abilities (1.A.*) are enduring natural talents, not acquired competencies; not evidenceable from a resume and not addressable by any item in the frozen recommendation corpus."
R07,Abilities,1.A.1.a.3,Oral Expression,4.0,4.75,DEC-07,"O*NET Abilities (1.A.*) are enduring natural talents, not acquired competencies; not evidenceable from a resume and not addressable by any item in the frozen recommendation corpus."
R07,Abilities,1.A.1.a.4,Written Expression,3.75,4.25,DEC-07,"O*NET Abilities (1.A.*) are enduring natural talents, not acquired competencies; not evidenceable from a resume and not addressable by any item in the frozen recommendation corpus."
R07,Abilities,1.A.1.b.1,Fluency of Ideas,3.88,4.12,DEC-07,"O*NET Abilities (1.A.*) are enduring natural talents, not acquired competencies; not evidenceable from a resume and not addressable by any item in the frozen recommendation corpus."
R07,Abilities,1.A.1.b.2,Originality,3.62,4.38,DEC-07,"O*NET Abilities (1.A.*) are enduring natural talents, not acquired competencies; not evidenceable from a resume and not addressable by any item in the frozen recommendation corpus."
R07,Abilities,1.A.1.b.3,Problem Sensitivity,3.88,4.25,DEC-07,"O*NET Abilities (1.A.*) are enduring natural talents, not acquired competencies; not evidenceable from a resume and not addressable by any item in the frozen recommendation corpus."
R07,Abilities,1.A.1.b.4,Deductive Reasoning,4.12,4.88,DEC-07,"O*NET Abilities (1.A.*) are enduring natural talents, not acquired competencies; not evidenceable from a resume and not addressable by any item in the frozen recommendation corpus."
R07,Abilities,1.A.1.b.5,Inductive Reasoning,4.12,4.62,DEC-07,"O*NET Abilities (1.A.*) are enduring natural talents, not acquired competencies; not evidenceable from a resume and not addressable by any item in the frozen recommendation corpus."
R07,Abilities,1.A.1.b.6,Information Ordering,3.75,4.25,DEC-07,"O*NET Abilities (1.A.*) are enduring natural talents, not acquired competencies; not evidenceable from a resume and not addressable by any item in the frozen recommendation corpus."
R07,Abilities,1.A.1.b.7,Category Flexibility,3.75,4.38,DEC-07,"O*NET Abilities (1.A.*) are enduring natural talents, not acquired competencies; not evidenceable from a resume and not addressable by any item in the frozen recommendation corpus."
R07,Abilities,1.A.1.c.1,Mathematical Reasoning,3.38,4.25,DEC-07,"O*NET Abilities (1.A.*) are enduring natural talents, not acquired competencies; not evidenceable from a resume and not addressable by any item in the frozen recommendation corpus."
R07,Abilities,1.A.1.c.2,Number Facility,3.25,3.75,DEC-07,"O*NET Abilities (1.A.*) are enduring natural talents, not acquired competencies; not evidenceable from a resume and not addressable by any item in the frozen recommendation corpus."
R07,Abilities,1.A.1.e.2,Flexibility of Closure,3.0,3.25,DEC-07,"O*NET Abilities (1.A.*) are enduring natural talents, not acquired competencies; not evidenceable from a resume and not addressable by any item in the frozen recommendation corpus."
R07,Abilities,1.A.1.e.3,Perceptual Speed,3.0,3.0,DEC-07,"O*NET Abilities (1.A.*) are enduring natural talents, not acquired competencies; not evidenceable from a resume and not addressable by any item in the frozen recommendation corpus."
R07,Abilities,1.A.1.f.2,Visualization,3.25,3.62,DEC-07,"O*NET Abilities (1.A.*) are enduring natural talents, not acquired competencies; not evidenceable from a resume and not addressable by any item in the frozen recommendation corpus."
R07,Abilities,1.A.4.a.1,Near Vision,3.75,4.0,DEC-07,"O*NET Abilities (1.A.*) are enduring natural talents, not acquired competencies; not evidenceable from a resume and not addressable by any item in the frozen recommendation corpus."
R07,Abilities,1.A.4.b.4,Speech Recognition,3.25,3.25,DEC-07,"O*NET Abilities (1.A.*) are enduring natural talents, not acquired competencies; not evidenceable from a resume and not addressable by any item in the frozen recommendation corpus."
R07,Abilities,1.A.4.b.5,Speech Clarity,3.25,3.25,DEC-07,"O*NET Abilities (1.A.*) are enduring natural talents, not acquired competencies; not evidenceable from a resume and not addressable by any item in the frozen recommendation corpus."
R08,Abilities,1.A.1.a.1,Oral Comprehension,3.88,4.5,DEC-07,"O*NET Abilities (1.A.*) are enduring natural talents, not acquired competencies; not evidenceable from a resume and not addressable by any item in the frozen recommendation corpus."
R08,Abilities,1.A.1.a.2,Written Comprehension,3.88,4.0,DEC-07,"O*NET Abilities (1.A.*) are enduring natural talents, not acquired competencies; not evidenceable from a resume and not addressable by any item in the frozen recommendation corpus."
R08,Abilities,1.A.1.a.3,Oral Expression,3.75,4.0,DEC-07,"O*NET Abilities (1.A.*) are enduring natural talents, not acquired competencies; not evidenceable from a resume and not addressable by any item in the frozen recommendation corpus."
R08,Abilities,1.A.1.a.4,Written Expression,3.25,3.88,DEC-07,"O*NET Abilities (1.A.*) are enduring natural talents, not acquired competencies; not evidenceable from a resume and not addressable by any item in the frozen recommendation corpus."
R08,Abilities,1.A.1.b.1,Fluency of Ideas,3.25,3.75,DEC-07,"O*NET Abilities (1.A.*) are enduring natural talents, not acquired competencies; not evidenceable from a resume and not addressable by any item in the frozen recommendation corpus."
R08,Abilities,1.A.1.b.2,Originality,3.0,3.88,DEC-07,"O*NET Abilities (1.A.*) are enduring natural talents, not acquired competencies; not evidenceable from a resume and not addressable by any item in the frozen recommendation corpus."
R08,Abilities,1.A.1.b.3,Problem Sensitivity,3.75,3.88,DEC-07,"O*NET Abilities (1.A.*) are enduring natural talents, not acquired competencies; not evidenceable from a resume and not addressable by any item in the frozen recommendation corpus."
R08,Abilities,1.A.1.b.4,Deductive Reasoning,3.88,4.38,DEC-07,"O*NET Abilities (1.A.*) are enduring natural talents, not acquired competencies; not evidenceable from a resume and not addressable by any item in the frozen recommendation corpus."
R08,Abilities,1.A.1.b.5,Inductive Reasoning,3.75,4.0,DEC-07,"O*NET Abilities (1.A.*) are enduring natural talents, not acquired competencies; not evidenceable from a resume and not addressable by any item in the frozen recommendation corpus."
R08,Abilities,1.A.1.b.6,Information Ordering,3.75,4.12,DEC-07,"O*NET Abilities (1.A.*) are enduring natural talents, not acquired competencies; not evidenceable from a resume and not addressable by any item in the frozen recommendation corpus."
R08,Abilities,1.A.1.b.7,Category Flexibility,3.38,3.62,DEC-07,"O*NET Abilities (1.A.*) are enduring natural talents, not acquired competencies; not evidenceable from a resume and not addressable by any item in the frozen recommendation corpus."
R08,Abilities,1.A.1.c.1,Mathematical Reasoning,3.12,3.25,DEC-07,"O*NET Abilities (1.A.*) are enduring natural talents, not acquired competencies; not evidenceable from a resume and not addressable by any item in the frozen recommendation corpus."
R08,Abilities,1.A.1.c.2,Number Facility,3.12,3.12,DEC-07,"O*NET Abilities (1.A.*) are enduring natural talents, not acquired competencies; not evidenceable from a resume and not addressable by any item in the frozen recommendation corpus."
R08,Abilities,1.A.1.e.2,Flexibility of Closure,3.25,3.12,DEC-07,"O*NET Abilities (1.A.*) are enduring natural talents, not acquired competencies; not evidenceable from a resume and not addressable by any item in the frozen recommendation corpus."
R08,Abilities,1.A.1.e.3,Perceptual Speed,3.12,3.0,DEC-07,"O*NET Abilities (1.A.*) are enduring natural talents, not acquired competencies; not evidenceable from a resume and not addressable by any item in the frozen recommendation corpus."
R08,Abilities,1.A.1.g.1,Selective Attention,3.25,3.0,DEC-07,"O*NET Abilities (1.A.*) are enduring natural talents, not acquired competencies; not evidenceable from a resume and not addressable by any item in the frozen recommendation corpus."
R08,Abilities,1.A.4.a.1,Near Vision,3.62,4.0,DEC-07,"O*NET Abilities (1.A.*) are enduring natural talents, not acquired competencies; not evidenceable from a resume and not addressable by any item in the frozen recommendation corpus."
R08,Abilities,1.A.4.b.4,Speech Recognition,3.0,3.0,DEC-07,"O*NET Abilities (1.A.*) are enduring natural talents, not acquired competencies; not evidenceable from a resume and not addressable by any item in the frozen recommendation corpus."
R08,Abilities,1.A.4.b.5,Speech Clarity,3.62,3.0,DEC-07,"O*NET Abilities (1.A.*) are enduring natural talents, not acquired competencies; not evidenceable from a resume and not addressable by any item in the frozen recommendation corpus."
R09,Abilities,1.A.1.a.1,Oral Comprehension,4.0,4.75,DEC-07,"O*NET Abilities (1.A.*) are enduring natural talents, not acquired competencies; not evidenceable from a resume and not addressable by any item in the frozen recommendation corpus."
R09,Abilities,1.A.1.a.2,Written Comprehension,4.0,4.62,DEC-07,"O*NET Abilities (1.A.*) are enduring natural talents, not acquired competencies; not evidenceable from a resume and not addressable by any item in the frozen recommendation corpus."
R09,Abilities,1.A.1.a.3,Oral Expression,4.0,4.75,DEC-07,"O*NET Abilities (1.A.*) are enduring natural talents, not acquired competencies; not evidenceable from a resume and not addressable by any item in the frozen recommendation corpus."
R09,Abilities,1.A.1.a.4,Written Expression,4.0,4.12,DEC-07,"O*NET Abilities (1.A.*) are enduring natural talents, not acquired competencies; not evidenceable from a resume and not addressable by any item in the frozen recommendation corpus."
R09,Abilities,1.A.1.b.1,Fluency of Ideas,3.38,3.88,DEC-07,"O*NET Abilities (1.A.*) are enduring natural talents, not acquired competencies; not evidenceable from a resume and not addressable by any item in the frozen recommendation corpus."
R09,Abilities,1.A.1.b.2,Originality,3.12,3.25,DEC-07,"O*NET Abilities (1.A.*) are enduring natural talents, not acquired competencies; not evidenceable from a resume and not addressable by any item in the frozen recommendation corpus."
R09,Abilities,1.A.1.b.3,Problem Sensitivity,3.25,3.5,DEC-07,"O*NET Abilities (1.A.*) are enduring natural talents, not acquired competencies; not evidenceable from a resume and not addressable by any item in the frozen recommendation corpus."
R09,Abilities,1.A.1.b.4,Deductive Reasoning,3.75,4.5,DEC-07,"O*NET Abilities (1.A.*) are enduring natural talents, not acquired competencies; not evidenceable from a resume and not addressable by any item in the frozen recommendation corpus."
R09,Abilities,1.A.1.b.5,Inductive Reasoning,4.0,4.38,DEC-07,"O*NET Abilities (1.A.*) are enduring natural talents, not acquired competencies; not evidenceable from a resume and not addressable by any item in the frozen recommendation corpus."
R09,Abilities,1.A.1.b.6,Information Ordering,3.62,4.0,DEC-07,"O*NET Abilities (1.A.*) are enduring natural talents, not acquired competencies; not evidenceable from a resume and not addressable by any item in the frozen recommendation corpus."
R09,Abilities,1.A.1.b.7,Category Flexibility,3.62,4.0,DEC-07,"O*NET Abilities (1.A.*) are enduring natural talents, not acquired competencies; not evidenceable from a resume and not addressable by any item in the frozen recommendation corpus."
R09,Abilities,1.A.1.c.1,Mathematical Reasoning,3.5,3.75,DEC-07,"O*NET Abilities (1.A.*) are enduring natural talents, not acquired competencies; not evidenceable from a resume and not addressable by any item in the frozen recommendation corpus."
R09,Abilities,1.A.1.c.2,Number Facility,3.12,3.62,DEC-07,"O*NET Abilities (1.A.*) are enduring natural talents, not acquired competencies; not evidenceable from a resume and not addressable by any item in the frozen recommendation corpus."
R09,Abilities,1.A.1.e.2,Flexibility of Closure,3.25,3.12,DEC-07,"O*NET Abilities (1.A.*) are enduring natural talents, not acquired competencies; not evidenceable from a resume and not addressable by any item in the frozen recommendation corpus."
R09,Abilities,1.A.4.a.1,Near Vision,3.12,3.5,DEC-07,"O*NET Abilities (1.A.*) are enduring natural talents, not acquired competencies; not evidenceable from a resume and not addressable by any item in the frozen recommendation corpus."
R09,Abilities,1.A.4.b.4,Speech Recognition,3.38,3.38,DEC-07,"O*NET Abilities (1.A.*) are enduring natural talents, not acquired competencies; not evidenceable from a resume and not addressable by any item in the frozen recommendation corpus."
R09,Abilities,1.A.4.b.5,Speech Clarity,3.5,3.5,DEC-07,"O*NET Abilities (1.A.*) are enduring natural talents, not acquired competencies; not evidenceable from a resume and not addressable by any item in the frozen recommendation corpus."
R10,Abilities,1.A.1.a.1,Oral Comprehension,3.88,4.12,DEC-07,"O*NET Abilities (1.A.*) are enduring natural talents, not acquired competencies; not evidenceable from a resume and not addressable by any item in the frozen recommendation corpus."
R10,Abilities,1.A.1.a.2,Written Comprehension,3.88,4.12,DEC-07,"O*NET Abilities (1.A.*) are enduring natural talents, not acquired competencies; not evidenceable from a resume and not addressable by any item in the frozen recommendation corpus."
R10,Abilities,1.A.1.a.3,Oral Expression,3.5,4.25,DEC-07,"O*NET Abilities (1.A.*) are enduring natural talents, not acquired competencies; not evidenceable from a resume and not addressable by any item in the frozen recommendation corpus."
R10,Abilities,1.A.1.a.4,Written Expression,3.38,4.12,DEC-07,"O*NET Abilities (1.A.*) are enduring natural talents, not acquired competencies; not evidenceable from a resume and not addressable by any item in the frozen recommendation corpus."
R10,Abilities,1.A.1.b.1,Fluency of Ideas,3.12,3.62,DEC-07,"O*NET Abilities (1.A.*) are enduring natural talents, not acquired competencies; not evidenceable from a resume and not addressable by any item in the frozen recommendation corpus."
R10,Abilities,1.A.1.b.2,Originality,3.0,3.5,DEC-07,"O*NET Abilities (1.A.*) are enduring natural talents, not acquired competencies; not evidenceable from a resume and not addressable by any item in the frozen recommendation corpus."
R10,Abilities,1.A.1.b.3,Problem Sensitivity,3.88,3.88,DEC-07,"O*NET Abilities (1.A.*) are enduring natural talents, not acquired competencies; not evidenceable from a resume and not addressable by any item in the frozen recommendation corpus."
R10,Abilities,1.A.1.b.4,Deductive Reasoning,4.0,4.12,DEC-07,"O*NET Abilities (1.A.*) are enduring natural talents, not acquired competencies; not evidenceable from a resume and not addressable by any item in the frozen recommendation corpus."
R10,Abilities,1.A.1.b.5,Inductive Reasoning,3.88,4.12,DEC-07,"O*NET Abilities (1.A.*) are enduring natural talents, not acquired competencies; not evidenceable from a resume and not addressable by any item in the frozen recommendation corpus."
R10,Abilities,1.A.1.b.6,Information Ordering,3.88,4.12,DEC-07,"O*NET Abilities (1.A.*) are enduring natural talents, not acquired competencies; not evidenceable from a resume and not addressable by any item in the frozen recommendation corpus."
R10,Abilities,1.A.1.b.7,Category Flexibility,3.38,3.88,DEC-07,"O*NET Abilities (1.A.*) are enduring natural talents, not acquired competencies; not evidenceable from a resume and not addressable by any item in the frozen recommendation corpus."
R10,Abilities,1.A.1.c.1,Mathematical Reasoning,3.12,3.12,DEC-07,"O*NET Abilities (1.A.*) are enduring natural talents, not acquired competencies; not evidenceable from a resume and not addressable by any item in the frozen recommendation corpus."
R10,Abilities,1.A.1.c.2,Number Facility,3.0,3.0,DEC-07,"O*NET Abilities (1.A.*) are enduring natural talents, not acquired competencies; not evidenceable from a resume and not addressable by any item in the frozen recommendation corpus."
R10,Abilities,1.A.1.e.2,Flexibility of Closure,3.25,3.38,DEC-07,"O*NET Abilities (1.A.*) are enduring natural talents, not acquired competencies; not evidenceable from a resume and not addressable by any item in the frozen recommendation corpus."
R10,Abilities,1.A.1.e.3,Perceptual Speed,3.0,3.0,DEC-07,"O*NET Abilities (1.A.*) are enduring natural talents, not acquired competencies; not evidenceable from a resume and not addressable by any item in the frozen recommendation corpus."
R10,Abilities,1.A.1.f.2,Visualization,3.0,3.0,DEC-07,"O*NET Abilities (1.A.*) are enduring natural talents, not acquired competencies; not evidenceable from a resume and not addressable by any item in the frozen recommendation corpus."
R10,Abilities,1.A.1.g.1,Selective Attention,3.0,3.0,DEC-07,"O*NET Abilities (1.A.*) are enduring natural talents, not acquired competencies; not evidenceable from a resume and not addressable by any item in the frozen recommendation corpus."
R10,Abilities,1.A.4.a.1,Near Vision,3.62,3.75,DEC-07,"O*NET Abilities (1.A.*) are enduring natural talents, not acquired competencies; not evidenceable from a resume and not addressable by any item in the frozen recommendation corpus."
R10,Abilities,1.A.4.b.4,Speech Recognition,3.25,3.25,DEC-07,"O*NET Abilities (1.A.*) are enduring natural talents, not acquired competencies; not evidenceable from a resume and not addressable by any item in the frozen recommendation corpus."
R10,Abilities,1.A.4.b.5,Speech Clarity,3.12,3.0,DEC-07,"O*NET Abilities (1.A.*) are enduring natural talents, not acquired competencies; not evidenceable from a resume and not addressable by any item in the frozen recommendation corpus."
R11,Abilities,1.A.1.a.1,Oral Comprehension,4.0,4.25,DEC-07,"O*NET Abilities (1.A.*) are enduring natural talents, not acquired competencies; not evidenceable from a resume and not addressable by any item in the frozen recommendation corpus."
R11,Abilities,1.A.1.a.2,Written Comprehension,4.0,4.12,DEC-07,"O*NET Abilities (1.A.*) are enduring natural talents, not acquired competencies; not evidenceable from a resume and not addressable by any item in the frozen recommendation corpus."
R11,Abilities,1.A.1.a.3,Oral Expression,3.75,4.12,DEC-07,"O*NET Abilities (1.A.*) are enduring natural talents, not acquired competencies; not evidenceable from a resume and not addressable by any item in the frozen recommendation corpus."
R11,Abilities,1.A.1.a.4,Written Expression,3.88,4.0,DEC-07,"O*NET Abilities (1.A.*) are enduring natural talents, not acquired competencies; not evidenceable from a resume and not addressable by any item in the frozen recommendation corpus."
R11,Abilities,1.A.1.b.1,Fluency of Ideas,3.0,3.75,DEC-07,"O*NET Abilities (1.A.*) are enduring natural talents, not acquired competencies; not evidenceable from a resume and not addressable by any item in the frozen recommendation corpus."
R11,Abilities,1.A.1.b.2,Originality,3.0,3.25,DEC-07,"O*NET Abilities (1.A.*) are enduring natural talents, not acquired competencies; not evidenceable from a resume and not addressable by any item in the frozen recommendation corpus."
R11,Abilities,1.A.1.b.3,Problem Sensitivity,4.0,4.12,DEC-07,"O*NET Abilities (1.A.*) are enduring natural talents, not acquired competencies; not evidenceable from a resume and not addressable by any item in the frozen recommendation corpus."
R11,Abilities,1.A.1.b.4,Deductive Reasoning,4.0,4.12,DEC-07,"O*NET Abilities (1.A.*) are enduring natural talents, not acquired competencies; not evidenceable from a resume and not addressable by any item in the frozen recommendation corpus."
R11,Abilities,1.A.1.b.5,Inductive Reasoning,4.0,4.12,DEC-07,"O*NET Abilities (1.A.*) are enduring natural talents, not acquired competencies; not evidenceable from a resume and not addressable by any item in the frozen recommendation corpus."
R11,Abilities,1.A.1.b.6,Information Ordering,3.88,3.88,DEC-07,"O*NET Abilities (1.A.*) are enduring natural talents, not acquired competencies; not evidenceable from a resume and not addressable by any item in the frozen recommendation corpus."
R11,Abilities,1.A.1.b.7,Category Flexibility,3.5,3.62,DEC-07,"O*NET Abilities (1.A.*) are enduring natural talents, not acquired competencies; not evidenceable from a resume and not addressable by any item in the frozen recommendation corpus."
R11,Abilities,1.A.1.e.2,Flexibility of Closure,3.38,3.5,DEC-07,"O*NET Abilities (1.A.*) are enduring natural talents, not acquired competencies; not evidenceable from a resume and not addressable by any item in the frozen recommendation corpus."
R11,Abilities,1.A.1.e.3,Perceptual Speed,3.0,3.0,DEC-07,"O*NET Abilities (1.A.*) are enduring natural talents, not acquired competencies; not evidenceable from a resume and not addressable by any item in the frozen recommendation corpus."
R11,Abilities,1.A.1.g.1,Selective Attention,3.12,3.12,DEC-07,"O*NET Abilities (1.A.*) are enduring natural talents, not acquired competencies; not evidenceable from a resume and not addressable by any item in the frozen recommendation corpus."
R11,Abilities,1.A.4.a.1,Near Vision,3.75,3.88,DEC-07,"O*NET Abilities (1.A.*) are enduring natural talents, not acquired competencies; not evidenceable from a resume and not addressable by any item in the frozen recommendation corpus."
R11,Abilities,1.A.4.b.4,Speech Recognition,3.38,3.12,DEC-07,"O*NET Abilities (1.A.*) are enduring natural talents, not acquired competencies; not evidenceable from a resume and not addressable by any item in the frozen recommendation corpus."
R11,Abilities,1.A.4.b.5,Speech Clarity,3.38,3.0,DEC-07,"O*NET Abilities (1.A.*) are enduring natural talents, not acquired competencies; not evidenceable from a resume and not addressable by any item in the frozen recommendation corpus."
R12,Abilities,1.A.1.a.1,Oral Comprehension,4.12,4.25,DEC-07,"O*NET Abilities (1.A.*) are enduring natural talents, not acquired competencies; not evidenceable from a resume and not addressable by any item in the frozen recommendation corpus."
R12,Abilities,1.A.1.a.2,Written Comprehension,4.0,4.38,DEC-07,"O*NET Abilities (1.A.*) are enduring natural talents, not acquired competencies; not evidenceable from a resume and not addressable by any item in the frozen recommendation corpus."
R12,Abilities,1.A.1.a.3,Oral Expression,4.0,4.12,DEC-07,"O*NET Abilities (1.A.*) are enduring natural talents, not acquired competencies; not evidenceable from a resume and not addressable by any item in the frozen recommendation corpus."
R12,Abilities,1.A.1.a.4,Written Expression,3.5,3.88,DEC-07,"O*NET Abilities (1.A.*) are enduring natural talents, not acquired competencies; not evidenceable from a resume and not addressable by any item in the frozen recommendation corpus."
R12,Abilities,1.A.1.b.1,Fluency of Ideas,3.0,3.62,DEC-07,"O*NET Abilities (1.A.*) are enduring natural talents, not acquired competencies; not evidenceable from a resume and not addressable by any item in the frozen recommendation corpus."
R12,Abilities,1.A.1.b.3,Problem Sensitivity,3.62,3.75,DEC-07,"O*NET Abilities (1.A.*) are enduring natural talents, not acquired competencies; not evidenceable from a resume and not addressable by any item in the frozen recommendation corpus."
R12,Abilities,1.A.1.b.4,Deductive Reasoning,3.75,4.12,DEC-07,"O*NET Abilities (1.A.*) are enduring natural talents, not acquired competencies; not evidenceable from a resume and not addressable by any item in the frozen recommendation corpus."
R12,Abilities,1.A.1.b.5,Inductive Reasoning,3.62,4.0,DEC-07,"O*NET Abilities (1.A.*) are enduring natural talents, not acquired competencies; not evidenceable from a resume and not addressable by any item in the frozen recommendation corpus."
R12,Abilities,1.A.1.b.6,Information Ordering,3.75,3.88,DEC-07,"O*NET Abilities (1.A.*) are enduring natural talents, not acquired competencies; not evidenceable from a resume and not addressable by any item in the frozen recommendation corpus."
R12,Abilities,1.A.1.b.7,Category Flexibility,3.12,3.5,DEC-07,"O*NET Abilities (1.A.*) are enduring natural talents, not acquired competencies; not evidenceable from a resume and not addressable by any item in the frozen recommendation corpus."
R12,Abilities,1.A.1.e.2,Flexibility of Closure,3.25,3.5,DEC-07,"O*NET Abilities (1.A.*) are enduring natural talents, not acquired competencies; not evidenceable from a resume and not addressable by any item in the frozen recommendation corpus."
R12,Abilities,1.A.1.e.3,Perceptual Speed,3.12,3.25,DEC-07,"O*NET Abilities (1.A.*) are enduring natural talents, not acquired competencies; not evidenceable from a resume and not addressable by any item in the frozen recommendation corpus."
R12,Abilities,1.A.1.g.1,Selective Attention,3.25,3.25,DEC-07,"O*NET Abilities (1.A.*) are enduring natural talents, not acquired competencies; not evidenceable from a resume and not addressable by any item in the frozen recommendation corpus."
R12,Abilities,1.A.4.a.1,Near Vision,3.62,3.62,DEC-07,"O*NET Abilities (1.A.*) are enduring natural talents, not acquired competencies; not evidenceable from a resume and not addressable by any item in the frozen recommendation corpus."
R12,Abilities,1.A.4.b.4,Speech Recognition,3.75,3.62,DEC-07,"O*NET Abilities (1.A.*) are enduring natural talents, not acquired competencies; not evidenceable from a resume and not addressable by any item in the frozen recommendation corpus."
R12,Abilities,1.A.4.b.5,Speech Clarity,3.5,3.38,DEC-07,"O*NET Abilities (1.A.*) are enduring natural talents, not acquired competencies; not evidenceable from a resume and not addressable by any item in the frozen recommendation corpus."
R13,Abilities,1.A.1.a.1,Oral Comprehension,4.0,4.62,DEC-07,"O*NET Abilities (1.A.*) are enduring natural talents, not acquired competencies; not evidenceable from a resume and not addressable by any item in the frozen recommendation corpus."
R13,Abilities,1.A.1.a.2,Written Comprehension,4.0,4.5,DEC-07,"O*NET Abilities (1.A.*) are enduring natural talents, not acquired competencies; not evidenceable from a resume and not addressable by any item in the frozen recommendation corpus."
R13,Abilities,1.A.1.a.3,Oral Expression,3.88,4.5,DEC-07,"O*NET Abilities (1.A.*) are enduring natural talents, not acquired competencies; not evidenceable from a resume and not addressable by any item in the frozen recommendation corpus."
R13,Abilities,1.A.1.a.4,Written Expression,4.25,4.38,DEC-07,"O*NET Abilities (1.A.*) are enduring natural talents, not acquired competencies; not evidenceable from a resume and not addressable by any item in the frozen recommendation corpus."
R13,Abilities,1.A.1.b.1,Fluency of Ideas,3.88,4.12,DEC-07,"O*NET Abilities (1.A.*) are enduring natural talents, not acquired competencies; not evidenceable from a resume and not addressable by any item in the frozen recommendation corpus."
R13,Abilities,1.A.1.b.2,Originality,3.62,4.0,DEC-07,"O*NET Abilities (1.A.*) are enduring natural talents, not acquired competencies; not evidenceable from a resume and not addressable by any item in the frozen recommendation corpus."
R13,Abilities,1.A.1.b.3,Problem Sensitivity,4.12,4.38,DEC-07,"O*NET Abilities (1.A.*) are enduring natural talents, not acquired competencies; not evidenceable from a resume and not addressable by any item in the frozen recommendation corpus."
R13,Abilities,1.A.1.b.4,Deductive Reasoning,4.12,4.62,DEC-07,"O*NET Abilities (1.A.*) are enduring natural talents, not acquired competencies; not evidenceable from a resume and not addressable by any item in the frozen recommendation corpus."
R13,Abilities,1.A.1.b.5,Inductive Reasoning,4.38,4.5,DEC-07,"O*NET Abilities (1.A.*) are enduring natural talents, not acquired competencies; not evidenceable from a resume and not addressable by any item in the frozen recommendation corpus."
R13,Abilities,1.A.1.b.6,Information Ordering,3.88,4.0,DEC-07,"O*NET Abilities (1.A.*) are enduring natural talents, not acquired competencies; not evidenceable from a resume and not addressable by any item in the frozen recommendation corpus."
R13,Abilities,1.A.1.b.7,Category Flexibility,3.62,3.75,DEC-07,"O*NET Abilities (1.A.*) are enduring natural talents, not acquired competencies; not evidenceable from a resume and not addressable by any item in the frozen recommendation corpus."
R13,Abilities,1.A.1.g.1,Selective Attention,3.12,3.12,DEC-07,"O*NET Abilities (1.A.*) are enduring natural talents, not acquired competencies; not evidenceable from a resume and not addressable by any item in the frozen recommendation corpus."
R13,Abilities,1.A.4.a.1,Near Vision,3.75,3.75,DEC-07,"O*NET Abilities (1.A.*) are enduring natural talents, not acquired competencies; not evidenceable from a resume and not addressable by any item in the frozen recommendation corpus."
R13,Abilities,1.A.4.b.4,Speech Recognition,3.0,3.0,DEC-07,"O*NET Abilities (1.A.*) are enduring natural talents, not acquired competencies; not evidenceable from a resume and not addressable by any item in the frozen recommendation corpus."
R13,Abilities,1.A.4.b.5,Speech Clarity,3.38,3.12,DEC-07,"O*NET Abilities (1.A.*) are enduring natural talents, not acquired competencies; not evidenceable from a resume and not addressable by any item in the frozen recommendation corpus."
R14,Abilities,1.A.1.a.1,Oral Comprehension,3.88,4.0,DEC-07,"O*NET Abilities (1.A.*) are enduring natural talents, not acquired competencies; not evidenceable from a resume and not addressable by any item in the frozen recommendation corpus."
R14,Abilities,1.A.1.a.2,Written Comprehension,4.0,4.25,DEC-07,"O*NET Abilities (1.A.*) are enduring natural talents, not acquired competencies; not evidenceable from a resume and not addressable by any item in the frozen recommendation corpus."
R14,Abilities,1.A.1.a.3,Oral Expression,3.62,3.88,DEC-07,"O*NET Abilities (1.A.*) are enduring natural talents, not acquired competencies; not evidenceable from a resume and not addressable by any item in the frozen recommendation corpus."
R14,Abilities,1.A.1.a.4,Written Expression,3.88,4.12,DEC-07,"O*NET Abilities (1.A.*) are enduring natural talents, not acquired competencies; not evidenceable from a resume and not addressable by any item in the frozen recommendation corpus."
R14,Abilities,1.A.1.b.1,Fluency of Ideas,3.25,3.5,DEC-07,"O*NET Abilities (1.A.*) are enduring natural talents, not acquired competencies; not evidenceable from a resume and not addressable by any item in the frozen recommendation corpus."
R14,Abilities,1.A.1.b.2,Originality,3.25,3.5,DEC-07,"O*NET Abilities (1.A.*) are enduring natural talents, not acquired competencies; not evidenceable from a resume and not addressable by any item in the frozen recommendation corpus."
R14,Abilities,1.A.1.b.3,Problem Sensitivity,3.62,3.88,DEC-07,"O*NET Abilities (1.A.*) are enduring natural talents, not acquired competencies; not evidenceable from a resume and not addressable by any item in the frozen recommendation corpus."
R14,Abilities,1.A.1.b.4,Deductive Reasoning,4.0,4.0,DEC-07,"O*NET Abilities (1.A.*) are enduring natural talents, not acquired competencies; not evidenceable from a resume and not addressable by any item in the frozen recommendation corpus."
R14,Abilities,1.A.1.b.5,Inductive Reasoning,3.88,4.0,DEC-07,"O*NET Abilities (1.A.*) are enduring natural talents, not acquired competencies; not evidenceable from a resume and not addressable by any item in the frozen recommendation corpus."
R14,Abilities,1.A.1.b.6,Information Ordering,3.62,3.75,DEC-07,"O*NET Abilities (1.A.*) are enduring natural talents, not acquired competencies; not evidenceable from a resume and not addressable by any item in the frozen recommendation corpus."
R14,Abilities,1.A.1.b.7,Category Flexibility,3.25,3.38,DEC-07,"O*NET Abilities (1.A.*) are enduring natural talents, not acquired competencies; not evidenceable from a resume and not addressable by any item in the frozen recommendation corpus."
R14,Abilities,1.A.1.e.2,Flexibility of Closure,3.5,3.75,DEC-07,"O*NET Abilities (1.A.*) are enduring natural talents, not acquired competencies; not evidenceable from a resume and not addressable by any item in the frozen recommendation corpus."
R14,Abilities,1.A.1.e.3,Perceptual Speed,3.0,3.0,DEC-07,"O*NET Abilities (1.A.*) are enduring natural talents, not acquired competencies; not evidenceable from a resume and not addressable by any item in the frozen recommendation corpus."
R14,Abilities,1.A.1.g.1,Selective Attention,3.5,3.25,DEC-07,"O*NET Abilities (1.A.*) are enduring natural talents, not acquired competencies; not evidenceable from a resume and not addressable by any item in the frozen recommendation corpus."
R14,Abilities,1.A.4.a.1,Near Vision,3.38,3.5,DEC-07,"O*NET Abilities (1.A.*) are enduring natural talents, not acquired competencies; not evidenceable from a resume and not addressable by any item in the frozen recommendation corpus."
R14,Abilities,1.A.4.b.4,Speech Recognition,3.25,3.38,DEC-07,"O*NET Abilities (1.A.*) are enduring natural talents, not acquired competencies; not evidenceable from a resume and not addressable by any item in the frozen recommendation corpus."
R14,Abilities,1.A.4.b.5,Speech Clarity,3.25,3.12,DEC-07,"O*NET Abilities (1.A.*) are enduring natural talents, not acquired competencies; not evidenceable from a resume and not addressable by any item in the frozen recommendation corpus."
R15,Abilities,1.A.1.a.1,Oral Comprehension,4.0,4.38,DEC-07,"O*NET Abilities (1.A.*) are enduring natural talents, not acquired competencies; not evidenceable from a resume and not addressable by any item in the frozen recommendation corpus."
R15,Abilities,1.A.1.a.2,Written Comprehension,4.0,4.5,DEC-07,"O*NET Abilities (1.A.*) are enduring natural talents, not acquired competencies; not evidenceable from a resume and not addressable by any item in the frozen recommendation corpus."
R15,Abilities,1.A.1.a.3,Oral Expression,3.75,4.12,DEC-07,"O*NET Abilities (1.A.*) are enduring natural talents, not acquired competencies; not evidenceable from a resume and not addressable by any item in the frozen recommendation corpus."
R15,Abilities,1.A.1.a.4,Written Expression,4.0,4.12,DEC-07,"O*NET Abilities (1.A.*) are enduring natural talents, not acquired competencies; not evidenceable from a resume and not addressable by any item in the frozen recommendation corpus."
R15,Abilities,1.A.1.b.1,Fluency of Ideas,3.12,3.88,DEC-07,"O*NET Abilities (1.A.*) are enduring natural talents, not acquired competencies; not evidenceable from a resume and not addressable by any item in the frozen recommendation corpus."
R15,Abilities,1.A.1.b.2,Originality,3.0,3.62,DEC-07,"O*NET Abilities (1.A.*) are enduring natural talents, not acquired competencies; not evidenceable from a resume and not addressable by any item in the frozen recommendation corpus."
R15,Abilities,1.A.1.b.3,Problem Sensitivity,4.0,3.88,DEC-07,"O*NET Abilities (1.A.*) are enduring natural talents, not acquired competencies; not evidenceable from a resume and not addressable by any item in the frozen recommendation corpus."
R15,Abilities,1.A.1.b.4,Deductive Reasoning,4.0,4.12,DEC-07,"O*NET Abilities (1.A.*) are enduring natural talents, not acquired competencies; not evidenceable from a resume and not addressable by any item in the frozen recommendation corpus."
R15,Abilities,1.A.1.b.5,Inductive Reasoning,4.0,4.0,DEC-07,"O*NET Abilities (1.A.*) are enduring natural talents, not acquired competencies; not evidenceable from a resume and not addressable by any item in the frozen recommendation corpus."
R15,Abilities,1.A.1.b.6,Information Ordering,4.0,4.12,DEC-07,"O*NET Abilities (1.A.*) are enduring natural talents, not acquired competencies; not evidenceable from a resume and not addressable by any item in the frozen recommendation corpus."
R15,Abilities,1.A.1.b.7,Category Flexibility,4.0,4.0,DEC-07,"O*NET Abilities (1.A.*) are enduring natural talents, not acquired competencies; not evidenceable from a resume and not addressable by any item in the frozen recommendation corpus."
R15,Abilities,1.A.1.c.1,Mathematical Reasoning,3.0,3.25,DEC-07,"O*NET Abilities (1.A.*) are enduring natural talents, not acquired competencies; not evidenceable from a resume and not addressable by any item in the frozen recommendation corpus."
R15,Abilities,1.A.1.e.2,Flexibility of Closure,3.12,3.12,DEC-07,"O*NET Abilities (1.A.*) are enduring natural talents, not acquired competencies; not evidenceable from a resume and not addressable by any item in the frozen recommendation corpus."
R15,Abilities,1.A.1.e.3,Perceptual Speed,3.0,3.0,DEC-07,"O*NET Abilities (1.A.*) are enduring natural talents, not acquired competencies; not evidenceable from a resume and not addressable by any item in the frozen recommendation corpus."
R15,Abilities,1.A.1.g.1,Selective Attention,3.0,3.0,DEC-07,"O*NET Abilities (1.A.*) are enduring natural talents, not acquired competencies; not evidenceable from a resume and not addressable by any item in the frozen recommendation corpus."
R15,Abilities,1.A.4.a.1,Near Vision,3.75,3.88,DEC-07,"O*NET Abilities (1.A.*) are enduring natural talents, not acquired competencies; not evidenceable from a resume and not addressable by any item in the frozen recommendation corpus."
R15,Abilities,1.A.4.b.4,Speech Recognition,3.25,2.88,DEC-07,"O*NET Abilities (1.A.*) are enduring natural talents, not acquired competencies; not evidenceable from a resume and not addressable by any item in the frozen recommendation corpus."
R15,Abilities,1.A.4.b.5,Speech Clarity,3.5,3.12,DEC-07,"O*NET Abilities (1.A.*) are enduring natural talents, not acquired competencies; not evidenceable from a resume and not addressable by any item in the frozen recommendation corpus."
R16,Abilities,1.A.1.a.1,Oral Comprehension,4.0,4.5,DEC-07,"O*NET Abilities (1.A.*) are enduring natural talents, not acquired competencies; not evidenceable from a resume and not addressable by any item in the frozen recommendation corpus."
R16,Abilities,1.A.1.a.2,Written Comprehension,4.0,4.12,DEC-07,"O*NET Abilities (1.A.*) are enduring natural talents, not acquired competencies; not evidenceable from a resume and not addressable by any item in the frozen recommendation corpus."
R16,Abilities,1.A.1.a.3,Oral Expression,4.0,4.0,DEC-07,"O*NET Abilities (1.A.*) are enduring natural talents, not acquired competencies; not evidenceable from a resume and not addressable by any item in the frozen recommendation corpus."
R16,Abilities,1.A.1.a.4,Written Expression,4.0,4.25,DEC-07,"O*NET Abilities (1.A.*) are enduring natural talents, not acquired competencies; not evidenceable from a resume and not addressable by any item in the frozen recommendation corpus."
R16,Abilities,1.A.1.b.1,Fluency of Ideas,3.38,3.88,DEC-07,"O*NET Abilities (1.A.*) are enduring natural talents, not acquired competencies; not evidenceable from a resume and not addressable by any item in the frozen recommendation corpus."
R16,Abilities,1.A.1.b.2,Originality,3.75,3.88,DEC-07,"O*NET Abilities (1.A.*) are enduring natural talents, not acquired competencies; not evidenceable from a resume and not addressable by any item in the frozen recommendation corpus."
R16,Abilities,1.A.1.b.3,Problem Sensitivity,4.0,4.12,DEC-07,"O*NET Abilities (1.A.*) are enduring natural talents, not acquired competencies; not evidenceable from a resume and not addressable by any item in the frozen recommendation corpus."
R16,Abilities,1.A.1.b.4,Deductive Reasoning,4.0,4.12,DEC-07,"O*NET Abilities (1.A.*) are enduring natural talents, not acquired competencies; not evidenceable from a resume and not addressable by any item in the frozen recommendation corpus."
R16,Abilities,1.A.1.b.5,Inductive Reasoning,4.0,4.0,DEC-07,"O*NET Abilities (1.A.*) are enduring natural talents, not acquired competencies; not evidenceable from a resume and not addressable by any item in the frozen recommendation corpus."
R16,Abilities,1.A.1.b.6,Information Ordering,3.88,4.0,DEC-07,"O*NET Abilities (1.A.*) are enduring natural talents, not acquired competencies; not evidenceable from a resume and not addressable by any item in the frozen recommendation corpus."
R16,Abilities,1.A.1.b.7,Category Flexibility,3.25,3.88,DEC-07,"O*NET Abilities (1.A.*) are enduring natural talents, not acquired competencies; not evidenceable from a resume and not addressable by any item in the frozen recommendation corpus."
R16,Abilities,1.A.1.c.1,Mathematical Reasoning,3.12,3.12,DEC-07,"O*NET Abilities (1.A.*) are enduring natural talents, not acquired competencies; not evidenceable from a resume and not addressable by any item in the frozen recommendation corpus."
R16,Abilities,1.A.1.c.2,Number Facility,3.12,3.12,DEC-07,"O*NET Abilities (1.A.*) are enduring natural talents, not acquired competencies; not evidenceable from a resume and not addressable by any item in the frozen recommendation corpus."
R16,Abilities,1.A.1.e.2,Flexibility of Closure,3.12,3.12,DEC-07,"O*NET Abilities (1.A.*) are enduring natural talents, not acquired competencies; not evidenceable from a resume and not addressable by any item in the frozen recommendation corpus."
R16,Abilities,1.A.1.e.3,Perceptual Speed,3.0,3.0,DEC-07,"O*NET Abilities (1.A.*) are enduring natural talents, not acquired competencies; not evidenceable from a resume and not addressable by any item in the frozen recommendation corpus."
R16,Abilities,1.A.1.g.1,Selective Attention,3.0,3.0,DEC-07,"O*NET Abilities (1.A.*) are enduring natural talents, not acquired competencies; not evidenceable from a resume and not addressable by any item in the frozen recommendation corpus."
R16,Abilities,1.A.4.a.1,Near Vision,3.5,3.62,DEC-07,"O*NET Abilities (1.A.*) are enduring natural talents, not acquired competencies; not evidenceable from a resume and not addressable by any item in the frozen recommendation corpus."
R16,Abilities,1.A.4.b.4,Speech Recognition,3.12,3.12,DEC-07,"O*NET Abilities (1.A.*) are enduring natural talents, not acquired competencies; not evidenceable from a resume and not addressable by any item in the frozen recommendation corpus."
R16,Abilities,1.A.4.b.5,Speech Clarity,3.25,3.12,DEC-07,"O*NET Abilities (1.A.*) are enduring natural talents, not acquired competencies; not evidenceable from a resume and not addressable by any item in the frozen recommendation corpus."
R17,Abilities,1.A.1.a.1,Oral Comprehension,3.88,4.25,DEC-07,"O*NET Abilities (1.A.*) are enduring natural talents, not acquired competencies; not evidenceable from a resume and not addressable by any item in the frozen recommendation corpus."
R17,Abilities,1.A.1.a.2,Written Comprehension,3.88,4.25,DEC-07,"O*NET Abilities (1.A.*) are enduring natural talents, not acquired competencies; not evidenceable from a resume and not addressable by any item in the frozen recommendation corpus."
R17,Abilities,1.A.1.a.3,Oral Expression,3.88,4.0,DEC-07,"O*NET Abilities (1.A.*) are enduring natural talents, not acquired competencies; not evidenceable from a resume and not addressable by any item in the frozen recommendation corpus."
R17,Abilities,1.A.1.a.4,Written Expression,3.12,3.75,DEC-07,"O*NET Abilities (1.A.*) are enduring natural talents, not acquired competencies; not evidenceable from a resume and not addressable by any item in the frozen recommendation corpus."
R17,Abilities,1.A.1.b.1,Fluency of Ideas,3.25,3.62,DEC-07,"O*NET Abilities (1.A.*) are enduring natural talents, not acquired competencies; not evidenceable from a resume and not addressable by any item in the frozen recommendation corpus."
R17,Abilities,1.A.1.b.2,Originality,3.12,3.5,DEC-07,"O*NET Abilities (1.A.*) are enduring natural talents, not acquired competencies; not evidenceable from a resume and not addressable by any item in the frozen recommendation corpus."
R17,Abilities,1.A.1.b.3,Problem Sensitivity,4.0,4.12,DEC-07,"O*NET Abilities (1.A.*) are enduring natural talents, not acquired competencies; not evidenceable from a resume and not addressable by any item in the frozen recommendation corpus."
R17,Abilities,1.A.1.b.4,Deductive Reasoning,4.0,4.12,DEC-07,"O*NET Abilities (1.A.*) are enduring natural talents, not acquired competencies; not evidenceable from a resume and not addressable by any item in the frozen recommendation corpus."
R17,Abilities,1.A.1.b.5,Inductive Reasoning,4.0,4.0,DEC-07,"O*NET Abilities (1.A.*) are enduring natural talents, not acquired competencies; not evidenceable from a resume and not addressable by any item in the frozen recommendation corpus."
R17,Abilities,1.A.1.b.6,Information Ordering,4.0,4.12,DEC-07,"O*NET Abilities (1.A.*) are enduring natural talents, not acquired competencies; not evidenceable from a resume and not addressable by any item in the frozen recommendation corpus."
R17,Abilities,1.A.1.b.7,Category Flexibility,3.0,3.5,DEC-07,"O*NET Abilities (1.A.*) are enduring natural talents, not acquired competencies; not evidenceable from a resume and not addressable by any item in the frozen recommendation corpus."
R17,Abilities,1.A.1.e.2,Flexibility of Closure,3.12,3.5,DEC-07,"O*NET Abilities (1.A.*) are enduring natural talents, not acquired competencies; not evidenceable from a resume and not addressable by any item in the frozen recommendation corpus."
R17,Abilities,1.A.1.e.3,Perceptual Speed,3.0,3.0,DEC-07,"O*NET Abilities (1.A.*) are enduring natural talents, not acquired competencies; not evidenceable from a resume and not addressable by any item in the frozen recommendation corpus."
R17,Abilities,1.A.1.f.2,Visualization,3.12,3.38,DEC-07,"O*NET Abilities (1.A.*) are enduring natural talents, not acquired competencies; not evidenceable from a resume and not addressable by any item in the frozen recommendation corpus."
R17,Abilities,1.A.1.g.1,Selective Attention,3.0,3.5,DEC-07,"O*NET Abilities (1.A.*) are enduring natural talents, not acquired competencies; not evidenceable from a resume and not addressable by any item in the frozen recommendation corpus."
R17,Abilities,1.A.4.a.1,Near Vision,3.88,4.12,DEC-07,"O*NET Abilities (1.A.*) are enduring natural talents, not acquired competencies; not evidenceable from a resume and not addressable by any item in the frozen recommendation corpus."
R17,Abilities,1.A.4.b.4,Speech Recognition,3.0,3.0,DEC-07,"O*NET Abilities (1.A.*) are enduring natural talents, not acquired competencies; not evidenceable from a resume and not addressable by any item in the frozen recommendation corpus."
R17,Abilities,1.A.4.b.5,Speech Clarity,3.0,3.0,DEC-07,"O*NET Abilities (1.A.*) are enduring natural talents, not acquired competencies; not evidenceable from a resume and not addressable by any item in the frozen recommendation corpus."
R18,Abilities,1.A.1.a.1,Oral Comprehension,4.0,4.5,DEC-07,"O*NET Abilities (1.A.*) are enduring natural talents, not acquired competencies; not evidenceable from a resume and not addressable by any item in the frozen recommendation corpus."
R18,Abilities,1.A.1.a.2,Written Comprehension,4.0,4.25,DEC-07,"O*NET Abilities (1.A.*) are enduring natural talents, not acquired competencies; not evidenceable from a resume and not addressable by any item in the frozen recommendation corpus."
R18,Abilities,1.A.1.a.3,Oral Expression,4.0,4.38,DEC-07,"O*NET Abilities (1.A.*) are enduring natural talents, not acquired competencies; not evidenceable from a resume and not addressable by any item in the frozen recommendation corpus."
R18,Abilities,1.A.1.a.4,Written Expression,3.38,4.0,DEC-07,"O*NET Abilities (1.A.*) are enduring natural talents, not acquired competencies; not evidenceable from a resume and not addressable by any item in the frozen recommendation corpus."
R18,Abilities,1.A.1.b.1,Fluency of Ideas,3.5,4.0,DEC-07,"O*NET Abilities (1.A.*) are enduring natural talents, not acquired competencies; not evidenceable from a resume and not addressable by any item in the frozen recommendation corpus."
R18,Abilities,1.A.1.b.2,Originality,3.0,3.62,DEC-07,"O*NET Abilities (1.A.*) are enduring natural talents, not acquired competencies; not evidenceable from a resume and not addressable by any item in the frozen recommendation corpus."
R18,Abilities,1.A.1.b.3,Problem Sensitivity,3.88,4.12,DEC-07,"O*NET Abilities (1.A.*) are enduring natural talents, not acquired competencies; not evidenceable from a resume and not addressable by any item in the frozen recommendation corpus."
R18,Abilities,1.A.1.b.4,Deductive Reasoning,4.12,4.12,DEC-07,"O*NET Abilities (1.A.*) are enduring natural talents, not acquired competencies; not evidenceable from a resume and not addressable by any item in the frozen recommendation corpus."
R18,Abilities,1.A.1.b.5,Inductive Reasoning,3.88,4.12,DEC-07,"O*NET Abilities (1.A.*) are enduring natural talents, not acquired competencies; not evidenceable from a resume and not addressable by any item in the frozen recommendation corpus."
R18,Abilities,1.A.1.b.6,Information Ordering,4.0,4.0,DEC-07,"O*NET Abilities (1.A.*) are enduring natural talents, not acquired competencies; not evidenceable from a resume and not addressable by any item in the frozen recommendation corpus."
R18,Abilities,1.A.1.b.7,Category Flexibility,3.25,3.75,DEC-07,"O*NET Abilities (1.A.*) are enduring natural talents, not acquired competencies; not evidenceable from a resume and not addressable by any item in the frozen recommendation corpus."
R18,Abilities,1.A.1.c.1,Mathematical Reasoning,3.0,3.5,DEC-07,"O*NET Abilities (1.A.*) are enduring natural talents, not acquired competencies; not evidenceable from a resume and not addressable by any item in the frozen recommendation corpus."
R18,Abilities,1.A.1.c.2,Number Facility,3.0,3.25,DEC-07,"O*NET Abilities (1.A.*) are enduring natural talents, not acquired competencies; not evidenceable from a resume and not addressable by any item in the frozen recommendation corpus."
R18,Abilities,1.A.1.e.1,Speed of Closure,3.0,3.25,DEC-07,"O*NET Abilities (1.A.*) are enduring natural talents, not acquired competencies; not evidenceable from a resume and not addressable by any item in the frozen recommendation corpus."
R18,Abilities,1.A.1.e.2,Flexibility of Closure,3.12,3.12,DEC-07,"O*NET Abilities (1.A.*) are enduring natural talents, not acquired competencies; not evidenceable from a resume and not addressable by any item in the frozen recommendation corpus."
R18,Abilities,1.A.1.e.3,Perceptual Speed,3.0,3.0,DEC-07,"O*NET Abilities (1.A.*) are enduring natural talents, not acquired competencies; not evidenceable from a resume and not addressable by any item in the frozen recommendation corpus."
R18,Abilities,1.A.1.f.2,Visualization,3.12,3.62,DEC-07,"O*NET Abilities (1.A.*) are enduring natural talents, not acquired competencies; not evidenceable from a resume and not addressable by any item in the frozen recommendation corpus."
R18,Abilities,1.A.4.a.1,Near Vision,3.88,4.0,DEC-07,"O*NET Abilities (1.A.*) are enduring natural talents, not acquired competencies; not evidenceable from a resume and not addressable by any item in the frozen recommendation corpus."
R18,Abilities,1.A.4.a.2,Far Vision,3.0,3.0,DEC-07,"O*NET Abilities (1.A.*) are enduring natural talents, not acquired competencies; not evidenceable from a resume and not addressable by any item in the frozen recommendation corpus."
R18,Abilities,1.A.4.b.4,Speech Recognition,3.62,3.5,DEC-07,"O*NET Abilities (1.A.*) are enduring natural talents, not acquired competencies; not evidenceable from a resume and not addressable by any item in the frozen recommendation corpus."
R18,Abilities,1.A.4.b.5,Speech Clarity,3.5,3.12,DEC-07,"O*NET Abilities (1.A.*) are enduring natural talents, not acquired competencies; not evidenceable from a resume and not addressable by any item in the frozen recommendation corpus."
R19,Abilities,1.A.1.a.1,Oral Comprehension,3.88,4.12,DEC-07,"O*NET Abilities (1.A.*) are enduring natural talents, not acquired competencies; not evidenceable from a resume and not addressable by any item in the frozen recommendation corpus."
R19,Abilities,1.A.1.a.2,Written Comprehension,4.0,4.25,DEC-07,"O*NET Abilities (1.A.*) are enduring natural talents, not acquired competencies; not evidenceable from a resume and not addressable by any item in the frozen recommendation corpus."
R19,Abilities,1.A.1.a.3,Oral Expression,4.0,4.0,DEC-07,"O*NET Abilities (1.A.*) are enduring natural talents, not acquired competencies; not evidenceable from a resume and not addressable by any item in the frozen recommendation corpus."
R19,Abilities,1.A.1.a.4,Written Expression,4.0,4.0,DEC-07,"O*NET Abilities (1.A.*) are enduring natural talents, not acquired competencies; not evidenceable from a resume and not addressable by any item in the frozen recommendation corpus."
R19,Abilities,1.A.1.b.1,Fluency of Ideas,3.62,3.88,DEC-07,"O*NET Abilities (1.A.*) are enduring natural talents, not acquired competencies; not evidenceable from a resume and not addressable by any item in the frozen recommendation corpus."
R19,Abilities,1.A.1.b.2,Originality,3.25,3.25,DEC-07,"O*NET Abilities (1.A.*) are enduring natural talents, not acquired competencies; not evidenceable from a resume and not addressable by any item in the frozen recommendation corpus."
R19,Abilities,1.A.1.b.3,Problem Sensitivity,3.88,4.0,DEC-07,"O*NET Abilities (1.A.*) are enduring natural talents, not acquired competencies; not evidenceable from a resume and not addressable by any item in the frozen recommendation corpus."
R19,Abilities,1.A.1.b.4,Deductive Reasoning,3.88,4.0,DEC-07,"O*NET Abilities (1.A.*) are enduring natural talents, not acquired competencies; not evidenceable from a resume and not addressable by any item in the frozen recommendation corpus."
R19,Abilities,1.A.1.b.5,Inductive Reasoning,3.88,4.0,DEC-07,"O*NET Abilities (1.A.*) are enduring natural talents, not acquired competencies; not evidenceable from a resume and not addressable by any item in the frozen recommendation corpus."
R19,Abilities,1.A.1.b.6,Information Ordering,3.88,3.88,DEC-07,"O*NET Abilities (1.A.*) are enduring natural talents, not acquired competencies; not evidenceable from a resume and not addressable by any item in the frozen recommendation corpus."
R19,Abilities,1.A.1.b.7,Category Flexibility,3.25,3.75,DEC-07,"O*NET Abilities (1.A.*) are enduring natural talents, not acquired competencies; not evidenceable from a resume and not addressable by any item in the frozen recommendation corpus."
R19,Abilities,1.A.1.c.1,Mathematical Reasoning,3.0,3.12,DEC-07,"O*NET Abilities (1.A.*) are enduring natural talents, not acquired competencies; not evidenceable from a resume and not addressable by any item in the frozen recommendation corpus."
R19,Abilities,1.A.1.c.2,Number Facility,3.12,3.12,DEC-07,"O*NET Abilities (1.A.*) are enduring natural talents, not acquired competencies; not evidenceable from a resume and not addressable by any item in the frozen recommendation corpus."
R19,Abilities,1.A.1.e.2,Flexibility of Closure,3.0,3.12,DEC-07,"O*NET Abilities (1.A.*) are enduring natural talents, not acquired competencies; not evidenceable from a resume and not addressable by any item in the frozen recommendation corpus."
R19,Abilities,1.A.4.a.1,Near Vision,3.62,3.88,DEC-07,"O*NET Abilities (1.A.*) are enduring natural talents, not acquired competencies; not evidenceable from a resume and not addressable by any item in the frozen recommendation corpus."
R19,Abilities,1.A.4.b.4,Speech Recognition,3.62,3.62,DEC-07,"O*NET Abilities (1.A.*) are enduring natural talents, not acquired competencies; not evidenceable from a resume and not addressable by any item in the frozen recommendation corpus."
R19,Abilities,1.A.4.b.5,Speech Clarity,3.62,3.5,DEC-07,"O*NET Abilities (1.A.*) are enduring natural talents, not acquired competencies; not evidenceable from a resume and not addressable by any item in the frozen recommendation corpus."
R20,Abilities,1.A.1.a.1,Oral Comprehension,4.0,4.5,DEC-07,"O*NET Abilities (1.A.*) are enduring natural talents, not acquired competencies; not evidenceable from a resume and not addressable by any item in the frozen recommendation corpus."
R20,Abilities,1.A.1.a.2,Written Comprehension,4.0,4.38,DEC-07,"O*NET Abilities (1.A.*) are enduring natural talents, not acquired competencies; not evidenceable from a resume and not addressable by any item in the frozen recommendation corpus."
R20,Abilities,1.A.1.a.3,Oral Expression,4.0,4.38,DEC-07,"O*NET Abilities (1.A.*) are enduring natural talents, not acquired competencies; not evidenceable from a resume and not addressable by any item in the frozen recommendation corpus."
R20,Abilities,1.A.1.a.4,Written Expression,3.75,4.12,DEC-07,"O*NET Abilities (1.A.*) are enduring natural talents, not acquired competencies; not evidenceable from a resume and not addressable by any item in the frozen recommendation corpus."
R20,Abilities,1.A.1.b.1,Fluency of Ideas,3.38,3.75,DEC-07,"O*NET Abilities (1.A.*) are enduring natural talents, not acquired competencies; not evidenceable from a resume and not addressable by any item in the frozen recommendation corpus."
R20,Abilities,1.A.1.b.2,Originality,3.25,3.5,DEC-07,"O*NET Abilities (1.A.*) are enduring natural talents, not acquired competencies; not evidenceable from a resume and not addressable by any item in the frozen recommendation corpus."
R20,Abilities,1.A.1.b.3,Problem Sensitivity,4.0,4.0,DEC-07,"O*NET Abilities (1.A.*) are enduring natural talents, not acquired competencies; not evidenceable from a resume and not addressable by any item in the frozen recommendation corpus."
R20,Abilities,1.A.1.b.4,Deductive Reasoning,4.0,4.0,DEC-07,"O*NET Abilities (1.A.*) are enduring natural talents, not acquired competencies; not evidenceable from a resume and not addressable by any item in the frozen recommendation corpus."
R20,Abilities,1.A.1.b.5,Inductive Reasoning,4.0,4.0,DEC-07,"O*NET Abilities (1.A.*) are enduring natural talents, not acquired competencies; not evidenceable from a resume and not addressable by any item in the frozen recommendation corpus."
R20,Abilities,1.A.1.b.6,Information Ordering,3.75,4.0,DEC-07,"O*NET Abilities (1.A.*) are enduring natural talents, not acquired competencies; not evidenceable from a resume and not addressable by any item in the frozen recommendation corpus."
R20,Abilities,1.A.1.b.7,Category Flexibility,3.25,3.12,DEC-07,"O*NET Abilities (1.A.*) are enduring natural talents, not acquired competencies; not evidenceable from a resume and not addressable by any item in the frozen recommendation corpus."
R20,Abilities,1.A.1.c.1,Mathematical Reasoning,3.0,3.0,DEC-07,"O*NET Abilities (1.A.*) are enduring natural talents, not acquired competencies; not evidenceable from a resume and not addressable by any item in the frozen recommendation corpus."
R20,Abilities,1.A.1.c.2,Number Facility,3.12,3.12,DEC-07,"O*NET Abilities (1.A.*) are enduring natural talents, not acquired competencies; not evidenceable from a resume and not addressable by any item in the frozen recommendation corpus."
R20,Abilities,1.A.1.e.2,Flexibility of Closure,3.0,3.0,DEC-07,"O*NET Abilities (1.A.*) are enduring natural talents, not acquired competencies; not evidenceable from a resume and not addressable by any item in the frozen recommendation corpus."
R20,Abilities,1.A.1.f.2,Visualization,3.0,3.0,DEC-07,"O*NET Abilities (1.A.*) are enduring natural talents, not acquired competencies; not evidenceable from a resume and not addressable by any item in the frozen recommendation corpus."
R20,Abilities,1.A.4.a.1,Near Vision,3.75,3.75,DEC-07,"O*NET Abilities (1.A.*) are enduring natural talents, not acquired competencies; not evidenceable from a resume and not addressable by any item in the frozen recommendation corpus."
R20,Abilities,1.A.4.b.4,Speech Recognition,3.38,3.5,DEC-07,"O*NET Abilities (1.A.*) are enduring natural talents, not acquired competencies; not evidenceable from a resume and not addressable by any item in the frozen recommendation corpus."
R20,Abilities,1.A.4.b.5,Speech Clarity,3.62,3.25,DEC-07,"O*NET Abilities (1.A.*) are enduring natural talents, not acquired competencies; not evidenceable from a resume and not addressable by any item in the frozen recommendation corpus."
