date,action,from,to,reason
2026-10-01,copy,Data_Set.xlsx,source/recovered_31AUG-09SEP/Data_Set.xlsx,DEC-27 rebuild: source copy (originals kept in place)
2026-10-01,copy,README.md,source/recovered_31AUG-09SEP/README.md,DEC-27 rebuild: source copy (originals kept in place)
2026-10-01,copy,_MOVE_LOG_31AUG26.csv,source/recovered_31AUG-09SEP/_MOVE_LOG_31AUG26.csv,DEC-27 rebuild: source copy (originals kept in place)
2026-10-01,copy,01_docs/Codebook_GroundTruth_31AUG26.md,source/recovered_31AUG-09SEP/01_docs/Codebook_GroundTruth_31AUG26.md,DEC-27 rebuild: source copy (originals kept in place)
2026-10-01,copy,01_docs/DECISIONS_31AUG26.md,source/recovered_31AUG-09SEP/01_docs/DECISIONS_31AUG26.md,DEC-27 rebuild: source copy (originals kept in place)
2026-10-01,copy,01_docs/Development_Process_31AUG26.md,source/recovered_31AUG-09SEP/01_docs/Development_Process_31AUG26.md,DEC-27 rebuild: source copy (originals kept in place)
2026-10-01,copy,01_docs/Guideline n8n v4.md,source/recovered_31AUG-09SEP/01_docs/Guideline n8n v4.md,DEC-27 rebuild: source copy (originals kept in place)
2026-10-01,copy,01_docs/IS_68076026(29AUG26)_v3.docx,source/recovered_31AUG-09SEP/01_docs/IS_68076026(29AUG26)_v3.docx,DEC-27 rebuild: source copy (originals kept in place)
2026-10-01,copy,01_docs/IS_68076026_07SEP26.docx,source/recovered_31AUG-09SEP/01_docs/IS_68076026_07SEP26.docx,DEC-27 rebuild: source copy (originals kept in place)
2026-10-01,copy,01_docs/System Architecture v3.md,source/recovered_31AUG-09SEP/01_docs/System Architecture v3.md,DEC-27 rebuild: source copy (originals kept in place)
2026-10-01,copy,01_docs/URL_Verification_Report_31AUG26.md,source/recovered_31AUG-09SEP/01_docs/URL_Verification_Report_31AUG26.md,DEC-27 rebuild: source copy (originals kept in place)
2026-10-01,copy,01_docs/Workflow_Optimization_Report_31AUG26.md,source/recovered_31AUG-09SEP/01_docs/Workflow_Optimization_Report_31AUG26.md,DEC-27 rebuild: source copy (originals kept in place)
2026-10-01,copy,01_docs/~$_68076026_07SEP26.docx,source/recovered_31AUG-09SEP/01_docs/~$_68076026_07SEP26.docx,DEC-27 rebuild: source copy (originals kept in place)
2026-10-01,copy,01_docs/assets/IS_figures_07SEP26.zip,source/recovered_31AUG-09SEP/01_docs/assets/IS_figures_07SEP26.zip,DEC-27 rebuild: source copy (originals kept in place)
2026-10-01,copy,02_dataset/aliases.py,source/recovered_31AUG-09SEP/02_dataset/aliases.py,DEC-27 rebuild: source copy (originals kept in place)
2026-10-01,copy,02_dataset/build_onet_requirements_28AUG26.py,source/recovered_31AUG-09SEP/02_dataset/build_onet_requirements_28AUG26.py,DEC-27 rebuild: source copy (originals kept in place)
2026-10-01,copy,02_dataset/dataset_version_log_28AUG26.json,source/recovered_31AUG-09SEP/02_dataset/dataset_version_log_28AUG26.json,DEC-27 rebuild: source copy (originals kept in place)
2026-10-01,copy,02_dataset/Data_Set.xlsx,source/recovered_31AUG-09SEP/02_dataset/Data_Set.xlsx,DEC-27 rebuild: source copy (originals kept in place)
2026-10-01,copy,02_dataset/element_aliases_28AUG26.csv,source/recovered_31AUG-09SEP/02_dataset/element_aliases_28AUG26.csv,DEC-27 rebuild: source copy (originals kept in place)
2026-10-01,copy,02_dataset/onet_requirements_28AUG26.csv,source/recovered_31AUG-09SEP/02_dataset/onet_requirements_28AUG26.csv,DEC-27 rebuild: source copy (originals kept in place)
2026-10-01,copy,02_dataset/onet_requirements_excluded_28AUG26.csv,source/recovered_31AUG-09SEP/02_dataset/onet_requirements_excluded_28AUG26.csv,DEC-27 rebuild: source copy (originals kept in place)
2026-10-01,copy,02_dataset/role_map_28AUG26.json,source/recovered_31AUG-09SEP/02_dataset/role_map_28AUG26.json,DEC-27 rebuild: source copy (originals kept in place)
2026-10-01,copy,02_dataset/db_31_0_excel/Abilities to Work Activities.xlsx,source/recovered_31AUG-09SEP/02_dataset/db_31_0_excel/Abilities to Work Activities.xlsx,DEC-27 rebuild: source copy (originals kept in place)
2026-10-01,copy,02_dataset/db_31_0_excel/Abilities to Work Context.xlsx,source/recovered_31AUG-09SEP/02_dataset/db_31_0_excel/Abilities to Work Context.xlsx,DEC-27 rebuild: source copy (originals kept in place)
2026-10-01,copy,02_dataset/db_31_0_excel/Abilities.xlsx,source/recovered_31AUG-09SEP/02_dataset/db_31_0_excel/Abilities.xlsx,DEC-27 rebuild: source copy (originals kept in place)
2026-10-01,copy,02_dataset/db_31_0_excel/Career Interest Type Keywords.xlsx,source/recovered_31AUG-09SEP/02_dataset/db_31_0_excel/Career Interest Type Keywords.xlsx,DEC-27 rebuild: source copy (originals kept in place)
2026-10-01,copy,02_dataset/db_31_0_excel/Career Interest Types.xlsx,source/recovered_31AUG-09SEP/02_dataset/db_31_0_excel/Career Interest Types.xlsx,DEC-27 rebuild: source copy (originals kept in place)
2026-10-01,copy,02_dataset/db_31_0_excel/Content Model Reference.xlsx,source/recovered_31AUG-09SEP/02_dataset/db_31_0_excel/Content Model Reference.xlsx,DEC-27 rebuild: source copy (originals kept in place)
2026-10-01,copy,02_dataset/db_31_0_excel/Education Categories.xlsx,source/recovered_31AUG-09SEP/02_dataset/db_31_0_excel/Education Categories.xlsx,DEC-27 rebuild: source copy (originals kept in place)
2026-10-01,copy,02_dataset/db_31_0_excel/Education.xlsx,source/recovered_31AUG-09SEP/02_dataset/db_31_0_excel/Education.xlsx,DEC-27 rebuild: source copy (originals kept in place)
2026-10-01,copy,02_dataset/db_31_0_excel/Emerging Tasks.xlsx,source/recovered_31AUG-09SEP/02_dataset/db_31_0_excel/Emerging Tasks.xlsx,DEC-27 rebuild: source copy (originals kept in place)
2026-10-01,copy,02_dataset/db_31_0_excel/Essential Skills to Work Activities.xlsx,source/recovered_31AUG-09SEP/02_dataset/db_31_0_excel/Essential Skills to Work Activities.xlsx,DEC-27 rebuild: source copy (originals kept in place)
2026-10-01,copy,02_dataset/db_31_0_excel/Essential Skills to Work Context.xlsx,source/recovered_31AUG-09SEP/02_dataset/db_31_0_excel/Essential Skills to Work Context.xlsx,DEC-27 rebuild: source copy (originals kept in place)
2026-10-01,copy,02_dataset/db_31_0_excel/Essential Skills.xlsx,source/recovered_31AUG-09SEP/02_dataset/db_31_0_excel/Essential Skills.xlsx,DEC-27 rebuild: source copy (originals kept in place)
2026-10-01,copy,02_dataset/db_31_0_excel/GWAs to IWAs to DWAs.xlsx,source/recovered_31AUG-09SEP/02_dataset/db_31_0_excel/GWAs to IWAs to DWAs.xlsx,DEC-27 rebuild: source copy (originals kept in place)
2026-10-01,copy,02_dataset/db_31_0_excel/GWAs to IWAs.xlsx,source/recovered_31AUG-09SEP/02_dataset/db_31_0_excel/GWAs to IWAs.xlsx,DEC-27 rebuild: source copy (originals kept in place)
2026-10-01,copy,02_dataset/db_31_0_excel/Interests Illustrative Activities.xlsx,source/recovered_31AUG-09SEP/02_dataset/db_31_0_excel/Interests Illustrative Activities.xlsx,DEC-27 rebuild: source copy (originals kept in place)
2026-10-01,copy,02_dataset/db_31_0_excel/Interests Illustrative Occupations.xlsx,source/recovered_31AUG-09SEP/02_dataset/db_31_0_excel/Interests Illustrative Occupations.xlsx,DEC-27 rebuild: source copy (originals kept in place)
2026-10-01,copy,02_dataset/db_31_0_excel/Job Titles.xlsx,source/recovered_31AUG-09SEP/02_dataset/db_31_0_excel/Job Titles.xlsx,DEC-27 rebuild: source copy (originals kept in place)
2026-10-01,copy,02_dataset/db_31_0_excel/Job Zone Reference.xlsx,source/recovered_31AUG-09SEP/02_dataset/db_31_0_excel/Job Zone Reference.xlsx,DEC-27 rebuild: source copy (originals kept in place)
2026-10-01,copy,02_dataset/db_31_0_excel/Job Zones.xlsx,source/recovered_31AUG-09SEP/02_dataset/db_31_0_excel/Job Zones.xlsx,DEC-27 rebuild: source copy (originals kept in place)
2026-10-01,copy,02_dataset/db_31_0_excel/Knowledge.xlsx,source/recovered_31AUG-09SEP/02_dataset/db_31_0_excel/Knowledge.xlsx,DEC-27 rebuild: source copy (originals kept in place)
2026-10-01,copy,02_dataset/db_31_0_excel/Level Scale Anchors.xlsx,source/recovered_31AUG-09SEP/02_dataset/db_31_0_excel/Level Scale Anchors.xlsx,DEC-27 rebuild: source copy (originals kept in place)
2026-10-01,copy,02_dataset/db_31_0_excel/Occupation Data.xlsx,source/recovered_31AUG-09SEP/02_dataset/db_31_0_excel/Occupation Data.xlsx,DEC-27 rebuild: source copy (originals kept in place)
2026-10-01,copy,02_dataset/db_31_0_excel/Occupation Level Metadata.xlsx,source/recovered_31AUG-09SEP/02_dataset/db_31_0_excel/Occupation Level Metadata.xlsx,DEC-27 rebuild: source copy (originals kept in place)
2026-10-01,copy,02_dataset/db_31_0_excel/Read Me.txt,source/recovered_31AUG-09SEP/02_dataset/db_31_0_excel/Read Me.txt,DEC-27 rebuild: source copy (originals kept in place)
2026-10-01,copy,02_dataset/db_31_0_excel/Related Occupations.xlsx,source/recovered_31AUG-09SEP/02_dataset/db_31_0_excel/Related Occupations.xlsx,DEC-27 rebuild: source copy (originals kept in place)
2026-10-01,copy,02_dataset/db_31_0_excel/Sample of Reported Titles.xlsx,source/recovered_31AUG-09SEP/02_dataset/db_31_0_excel/Sample of Reported Titles.xlsx,DEC-27 rebuild: source copy (originals kept in place)
2026-10-01,copy,02_dataset/db_31_0_excel/Scales Reference.xlsx,source/recovered_31AUG-09SEP/02_dataset/db_31_0_excel/Scales Reference.xlsx,DEC-27 rebuild: source copy (originals kept in place)
2026-10-01,copy,02_dataset/db_31_0_excel/Software Skills.xlsx,source/recovered_31AUG-09SEP/02_dataset/db_31_0_excel/Software Skills.xlsx,DEC-27 rebuild: source copy (originals kept in place)
2026-10-01,copy,02_dataset/db_31_0_excel/Specific Interest Areas to Career Interest Types.xlsx,source/recovered_31AUG-09SEP/02_dataset/db_31_0_excel/Specific Interest Areas to Career Interest Types.xlsx,DEC-27 rebuild: source copy (originals kept in place)
2026-10-01,copy,02_dataset/db_31_0_excel/Specific Interest Areas.xlsx,source/recovered_31AUG-09SEP/02_dataset/db_31_0_excel/Specific Interest Areas.xlsx,DEC-27 rebuild: source copy (originals kept in place)
2026-10-01,copy,02_dataset/db_31_0_excel/Survey Booklet Locations.xlsx,source/recovered_31AUG-09SEP/02_dataset/db_31_0_excel/Survey Booklet Locations.xlsx,DEC-27 rebuild: source copy (originals kept in place)
2026-10-01,copy,02_dataset/db_31_0_excel/Task Categories.xlsx,source/recovered_31AUG-09SEP/02_dataset/db_31_0_excel/Task Categories.xlsx,DEC-27 rebuild: source copy (originals kept in place)
2026-10-01,copy,02_dataset/db_31_0_excel/Task Ratings.xlsx,source/recovered_31AUG-09SEP/02_dataset/db_31_0_excel/Task Ratings.xlsx,DEC-27 rebuild: source copy (originals kept in place)
2026-10-01,copy,02_dataset/db_31_0_excel/Task Statements.xlsx,source/recovered_31AUG-09SEP/02_dataset/db_31_0_excel/Task Statements.xlsx,DEC-27 rebuild: source copy (originals kept in place)
2026-10-01,copy,02_dataset/db_31_0_excel/Tasks to DWAs.xlsx,source/recovered_31AUG-09SEP/02_dataset/db_31_0_excel/Tasks to DWAs.xlsx,DEC-27 rebuild: source copy (originals kept in place)
2026-10-01,copy,02_dataset/db_31_0_excel/Training and Experience Categories.xlsx,source/recovered_31AUG-09SEP/02_dataset/db_31_0_excel/Training and Experience Categories.xlsx,DEC-27 rebuild: source copy (originals kept in place)
2026-10-01,copy,02_dataset/db_31_0_excel/Training and Experience.xlsx,source/recovered_31AUG-09SEP/02_dataset/db_31_0_excel/Training and Experience.xlsx,DEC-27 rebuild: source copy (originals kept in place)
2026-10-01,copy,02_dataset/db_31_0_excel/Transferable Skills to Work Activities.xlsx,source/recovered_31AUG-09SEP/02_dataset/db_31_0_excel/Transferable Skills to Work Activities.xlsx,DEC-27 rebuild: source copy (originals kept in place)
2026-10-01,copy,02_dataset/db_31_0_excel/Transferable Skills to Work Context.xlsx,source/recovered_31AUG-09SEP/02_dataset/db_31_0_excel/Transferable Skills to Work Context.xlsx,DEC-27 rebuild: source copy (originals kept in place)
2026-10-01,copy,02_dataset/db_31_0_excel/Transferable Skills.xlsx,source/recovered_31AUG-09SEP/02_dataset/db_31_0_excel/Transferable Skills.xlsx,DEC-27 rebuild: source copy (originals kept in place)
2026-10-01,copy,02_dataset/db_31_0_excel/Work Activities.xlsx,source/recovered_31AUG-09SEP/02_dataset/db_31_0_excel/Work Activities.xlsx,DEC-27 rebuild: source copy (originals kept in place)
2026-10-01,copy,02_dataset/db_31_0_excel/Work Context Categories.xlsx,source/recovered_31AUG-09SEP/02_dataset/db_31_0_excel/Work Context Categories.xlsx,DEC-27 rebuild: source copy (originals kept in place)
2026-10-01,copy,02_dataset/db_31_0_excel/Work Context.xlsx,source/recovered_31AUG-09SEP/02_dataset/db_31_0_excel/Work Context.xlsx,DEC-27 rebuild: source copy (originals kept in place)
2026-10-01,copy,02_dataset/db_31_0_excel/Work Styles to Work Activities.xlsx,source/recovered_31AUG-09SEP/02_dataset/db_31_0_excel/Work Styles to Work Activities.xlsx,DEC-27 rebuild: source copy (originals kept in place)
2026-10-01,copy,02_dataset/db_31_0_excel/Work Styles to Work Context.xlsx,source/recovered_31AUG-09SEP/02_dataset/db_31_0_excel/Work Styles to Work Context.xlsx,DEC-27 rebuild: source copy (originals kept in place)
2026-10-01,copy,02_dataset/db_31_0_excel/Work Styles.xlsx,source/recovered_31AUG-09SEP/02_dataset/db_31_0_excel/Work Styles.xlsx,DEC-27 rebuild: source copy (originals kept in place)
2026-10-01,copy,03_corpus/corpus_change_log_v12_31AUG26.csv,source/recovered_31AUG-09SEP/03_corpus/corpus_change_log_v12_31AUG26.csv,DEC-27 rebuild: source copy (originals kept in place)
2026-10-01,copy,03_corpus/corpus_gap_request_01SEP26.csv,source/recovered_31AUG-09SEP/03_corpus/corpus_gap_request_01SEP26.csv,DEC-27 rebuild: source copy (originals kept in place)
2026-10-01,copy,03_corpus/corpus_master_v13_01SEP26.csv,source/recovered_31AUG-09SEP/03_corpus/corpus_master_v13_01SEP26.csv,DEC-27 rebuild: source copy (originals kept in place)
2026-10-01,copy,03_corpus/corpus_version_log_v13_01SEP26.json,source/recovered_31AUG-09SEP/03_corpus/corpus_version_log_v13_01SEP26.json,DEC-27 rebuild: source copy (originals kept in place)
2026-10-01,copy,03_corpus/Course_Career_v13_01SEP26.xlsx,source/recovered_31AUG-09SEP/03_corpus/Course_Career_v13_01SEP26.xlsx,DEC-27 rebuild: source copy (originals kept in place)
2026-10-01,copy,03_corpus/item_competency_map_v13_01SEP26.csv,source/recovered_31AUG-09SEP/03_corpus/item_competency_map_v13_01SEP26.csv,DEC-27 rebuild: source copy (originals kept in place)
2026-10-01,copy,03_corpus/url_action_list_31AUG26.csv,source/recovered_31AUG-09SEP/03_corpus/url_action_list_31AUG26.csv,DEC-27 rebuild: source copy (originals kept in place)
2026-10-01,copy,03_corpus/url_verification_31AUG26.csv,source/recovered_31AUG-09SEP/03_corpus/url_verification_31AUG26.csv,DEC-27 rebuild: source copy (originals kept in place)
2026-10-01,copy,03_corpus/corpus_qa_v13_01SEP26/capacity_check.csv,source/recovered_31AUG-09SEP/03_corpus/corpus_qa_v13_01SEP26/capacity_check.csv,DEC-27 rebuild: source copy (originals kept in place)
2026-10-01,copy,03_corpus/corpus_qa_v13_01SEP26/coverage_by_role.csv,source/recovered_31AUG-09SEP/03_corpus/corpus_qa_v13_01SEP26/coverage_by_role.csv,DEC-27 rebuild: source copy (originals kept in place)
2026-10-01,copy,03_corpus/corpus_qa_v13_01SEP26/coverage_matrix.csv,source/recovered_31AUG-09SEP/03_corpus/corpus_qa_v13_01SEP26/coverage_matrix.csv,DEC-27 rebuild: source copy (originals kept in place)
2026-10-01,copy,03_corpus/corpus_qa_v13_01SEP26/duplicate_items.csv,source/recovered_31AUG-09SEP/03_corpus/corpus_qa_v13_01SEP26/duplicate_items.csv,DEC-27 rebuild: source copy (originals kept in place)
2026-10-01,copy,03_corpus/corpus_qa_v13_01SEP26/field_errors.csv,source/recovered_31AUG-09SEP/03_corpus/corpus_qa_v13_01SEP26/field_errors.csv,DEC-27 rebuild: source copy (originals kept in place)
2026-10-01,copy,03_corpus/corpus_qa_v13_01SEP26/map_reconcile_diff.csv,source/recovered_31AUG-09SEP/03_corpus/corpus_qa_v13_01SEP26/map_reconcile_diff.csv,DEC-27 rebuild: source copy (originals kept in place)
2026-10-01,copy,03_corpus/corpus_qa_v13_01SEP26/prefix_errors.csv,source/recovered_31AUG-09SEP/03_corpus/corpus_qa_v13_01SEP26/prefix_errors.csv,DEC-27 rebuild: source copy (originals kept in place)
2026-10-01,copy,03_corpus/corpus_qa_v13_01SEP26/qa_summary.csv,source/recovered_31AUG-09SEP/03_corpus/corpus_qa_v13_01SEP26/qa_summary.csv,DEC-27 rebuild: source copy (originals kept in place)
2026-10-01,copy,03_corpus/corpus_qa_v13_01SEP26/role_index_mismatch.csv,source/recovered_31AUG-09SEP/03_corpus/corpus_qa_v13_01SEP26/role_index_mismatch.csv,DEC-27 rebuild: source copy (originals kept in place)
2026-10-01,copy,03_corpus/corpus_qa_v13_01SEP26/sha256.json,source/recovered_31AUG-09SEP/03_corpus/corpus_qa_v13_01SEP26/sha256.json,DEC-27 rebuild: source copy (originals kept in place)
2026-10-01,copy,03_corpus/corpus_qa_v13_01SEP26/uncovered_recomputed.csv,source/recovered_31AUG-09SEP/03_corpus/corpus_qa_v13_01SEP26/uncovered_recomputed.csv,DEC-27 rebuild: source copy (originals kept in place)
2026-10-01,copy,04_master_data/ground_truth_extraction_template_31AUG26.csv,source/recovered_31AUG-09SEP/04_master_data/ground_truth_extraction_template_31AUG26.csv,DEC-27 rebuild: source copy (originals kept in place)
2026-10-01,copy,04_master_data/ground_truth_template_31AUG26.csv,source/recovered_31AUG-09SEP/04_master_data/ground_truth_template_31AUG26.csv,DEC-27 rebuild: source copy (originals kept in place)
2026-10-01,copy,04_master_data/Master_Data_31AUG26.xlsx,source/recovered_31AUG-09SEP/04_master_data/Master_Data_31AUG26.xlsx,DEC-27 rebuild: source copy (originals kept in place)
2026-10-01,copy,04_master_data/rules_version_log_31AUG26.json,source/recovered_31AUG-09SEP/04_master_data/rules_version_log_31AUG26.json,DEC-27 rebuild: source copy (originals kept in place)
2026-10-01,copy,04_master_data/master_data_csv_31AUG26/conditions_master_31AUG26.csv,source/recovered_31AUG-09SEP/04_master_data/master_data_csv_31AUG26/conditions_master_31AUG26.csv,DEC-27 rebuild: source copy (originals kept in place)
2026-10-01,copy,04_master_data/master_data_csv_31AUG26/config_master_31AUG26.csv,source/recovered_31AUG-09SEP/04_master_data/master_data_csv_31AUG26/config_master_31AUG26.csv,DEC-27 rebuild: source copy (originals kept in place)
2026-10-01,copy,04_master_data/master_data_csv_31AUG26/enum_error_type_31AUG26.csv,source/recovered_31AUG-09SEP/04_master_data/master_data_csv_31AUG26/enum_error_type_31AUG26.csv,DEC-27 rebuild: source copy (originals kept in place)
2026-10-01,copy,04_master_data/master_data_csv_31AUG26/enum_exclusion_reason_31AUG26.csv,source/recovered_31AUG-09SEP/04_master_data/master_data_csv_31AUG26/enum_exclusion_reason_31AUG26.csv,DEC-27 rebuild: source copy (originals kept in place)
2026-10-01,copy,04_master_data/master_data_csv_31AUG26/metric_registry_31AUG26.csv,source/recovered_31AUG-09SEP/04_master_data/master_data_csv_31AUG26/metric_registry_31AUG26.csv,DEC-27 rebuild: source copy (originals kept in place)
2026-10-01,copy,04_master_data/master_data_csv_31AUG26/model_registry_31AUG26.csv,source/recovered_31AUG-09SEP/04_master_data/master_data_csv_31AUG26/model_registry_31AUG26.csv,DEC-27 rebuild: source copy (originals kept in place)
2026-10-01,copy,04_master_data/master_data_csv_31AUG26/mode_rules_31AUG26.csv,source/recovered_31AUG-09SEP/04_master_data/master_data_csv_31AUG26/mode_rules_31AUG26.csv,DEC-27 rebuild: source copy (originals kept in place)
2026-10-01,copy,04_master_data/master_data_csv_31AUG26/pii_masking_rules_31AUG26.csv,source/recovered_31AUG-09SEP/04_master_data/master_data_csv_31AUG26/pii_masking_rules_31AUG26.csv,DEC-27 rebuild: source copy (originals kept in place)
2026-10-01,copy,04_master_data/master_data_csv_31AUG26/prompt_registry_31AUG26.csv,source/recovered_31AUG-09SEP/04_master_data/master_data_csv_31AUG26/prompt_registry_31AUG26.csv,DEC-27 rebuild: source copy (originals kept in place)
2026-10-01,copy,04_master_data/master_data_csv_31AUG26/provider_policy_register_31AUG26.csv,source/recovered_31AUG-09SEP/04_master_data/master_data_csv_31AUG26/provider_policy_register_31AUG26.csv,DEC-27 rebuild: source copy (originals kept in place)
2026-10-01,copy,04_master_data/master_data_csv_31AUG26/proxy_mapping_log_31AUG26.csv,source/recovered_31AUG-09SEP/04_master_data/master_data_csv_31AUG26/proxy_mapping_log_31AUG26.csv,DEC-27 rebuild: source copy (originals kept in place)
2026-10-01,copy,04_master_data/master_data_csv_31AUG26/timeline_master_31AUG26.csv,source/recovered_31AUG-09SEP/04_master_data/master_data_csv_31AUG26/timeline_master_31AUG26.csv,DEC-27 rebuild: source copy (originals kept in place)
2026-10-01,copy,05_scripts/apply_url_verification_31AUG26.py,source/recovered_31AUG-09SEP/05_scripts/apply_url_verification_31AUG26.py,DEC-27 rebuild: source copy (originals kept in place)
2026-10-01,copy,05_scripts/build_corpus_v10_31AUG26.py,source/recovered_31AUG-09SEP/05_scripts/build_corpus_v10_31AUG26.py,DEC-27 rebuild: source copy (originals kept in place)
2026-10-01,copy,05_scripts/build_corpus_v12_31AUG26.py,source/recovered_31AUG-09SEP/05_scripts/build_corpus_v12_31AUG26.py,DEC-27 rebuild: source copy (originals kept in place)
2026-10-01,copy,05_scripts/build_corpus_v13_01SEP26.py,source/recovered_31AUG-09SEP/05_scripts/build_corpus_v13_01SEP26.py,DEC-27 rebuild: source copy (originals kept in place)
2026-10-01,copy,05_scripts/build_gsheets_01SEP26.py,source/recovered_31AUG-09SEP/05_scripts/build_gsheets_01SEP26.py,DEC-27 rebuild: source copy (originals kept in place)
2026-10-01,copy,05_scripts/build_master_data_31AUG26.py,source/recovered_31AUG-09SEP/05_scripts/build_master_data_31AUG26.py,DEC-27 rebuild: source copy (originals kept in place)
2026-10-01,copy,05_scripts/build_workflows_31AUG26.py,source/recovered_31AUG-09SEP/05_scripts/build_workflows_31AUG26.py,DEC-27 rebuild: source copy (originals kept in place)
2026-10-01,copy,05_scripts/check_consistency.py,source/recovered_31AUG-09SEP/05_scripts/check_consistency.py,DEC-27 rebuild: source copy (originals kept in place)
2026-10-01,copy,05_scripts/check_corpus_31AUG26.py,source/recovered_31AUG-09SEP/05_scripts/check_corpus_31AUG26.py,DEC-27 rebuild: source copy (originals kept in place)
2026-10-01,copy,05_scripts/check_workflows_31AUG26.py,source/recovered_31AUG-09SEP/05_scripts/check_workflows_31AUG26.py,DEC-27 rebuild: source copy (originals kept in place)
2026-10-01,copy,05_scripts/record_url_result_31AUG26.py,source/recovered_31AUG-09SEP/05_scripts/record_url_result_31AUG26.py,DEC-27 rebuild: source copy (originals kept in place)
2026-10-01,copy,05_scripts/_reorganize_31AUG26.py,source/recovered_31AUG-09SEP/05_scripts/_reorganize_31AUG26.py,DEC-27 rebuild: source copy (originals kept in place)
2026-10-01,copy,06_workflows/README_31AUG26.md,source/recovered_31AUG-09SEP/06_workflows/README_31AUG26.md,DEC-27 rebuild: source copy (originals kept in place)
2026-10-01,copy,06_workflows/WF_ERR_Notifier_31AUG26.json,source/recovered_31AUG-09SEP/06_workflows/WF_ERR_Notifier_31AUG26.json,DEC-27 rebuild: source copy (originals kept in place)
2026-10-01,copy,06_workflows/WF_Main_31AUG26.json,source/recovered_31AUG-09SEP/06_workflows/WF_Main_31AUG26.json,DEC-27 rebuild: source copy (originals kept in place)
2026-10-01,copy,06_workflows/WF_SUB_GapEngine_31AUG26.json,source/recovered_31AUG-09SEP/06_workflows/WF_SUB_GapEngine_31AUG26.json,DEC-27 rebuild: source copy (originals kept in place)
2026-10-01,copy,07_sheets_import/corpus_pending_verification_01SEP26.csv,source/recovered_31AUG-09SEP/07_sheets_import/corpus_pending_verification_01SEP26.csv,DEC-27 rebuild: source copy (originals kept in place)
2026-10-01,copy,07_sheets_import/IS68076026_ResearchData_01SEP26.xlsx,source/recovered_31AUG-09SEP/07_sheets_import/IS68076026_ResearchData_01SEP26.xlsx,DEC-27 rebuild: source copy (originals kept in place)
2026-10-01,copy,07_sheets_import/Sheets_Import_Guide_01SEP26.md,source/recovered_31AUG-09SEP/07_sheets_import/Sheets_Import_Guide_01SEP26.md,DEC-27 rebuild: source copy (originals kept in place)
2026-10-01,copy,07_sheets_import/sheets_package_log_01SEP26.json,source/recovered_31AUG-09SEP/07_sheets_import/sheets_package_log_01SEP26.json,DEC-27 rebuild: source copy (originals kept in place)
2026-10-01,copy,07_sheets_import/_to_delete/corpus_master_with_l1_01SEP26.csv,source/recovered_31AUG-09SEP/07_sheets_import/_to_delete/corpus_master_with_l1_01SEP26.csv,DEC-27 rebuild: source copy (originals kept in place)
2026-10-01,copy,IS_Files_01OCT26/source_from_project/Data_Set.xlsx,source/project_files/Data_Set.xlsx,DEC-27 rebuild: source copy (originals kept in place)
2026-10-01,copy,IS_Files_01OCT26/source_from_project/onet_requirements.csv,source/project_files/onet_requirements.csv,DEC-27 rebuild: source copy (originals kept in place)
2026-10-01,copy,IS_Files_01OCT26/source_from_project/systemflowglassmorphism.png,source/project_files/systemflowglassmorphism.png,DEC-27 rebuild: source copy (originals kept in place)
2026-10-01,copy,IS_Files_01OCT26/source_from_project/_MOVE_LOG_31AUG26.csv,source/project_files/_MOVE_LOG_31AUG26.csv,DEC-27 rebuild: source copy (originals kept in place)
2026-10-01,move,_bundle_Final_IS_01OCT26.tar.gz,archive/01OCT26/_bundle_Final_IS_01OCT26.tar.gz,transfer bundle from cloud session
