run_id,rank,item_id,item_type,title,provider,source_url,estimated_hours,cumulative_hours,covers_requirements,n_new_requirements,new_weight_covered,mapping_status,phase
RUN-20261001100000-bad84c85,1,CRS-R06-13,course,Kaggle Learn: Intro to Machine Learning,Kaggle,https://www.kaggle.com/learn/intro-to-machine-learning,3,3,REQ-R06-2.A.2.a|REQ-R06-2.C.4.a|REQ-R06-4.A.3.b.1,3,0.116081,source_checked_by_script,foundation
RUN-20261001100000-bad84c85,2,CRS-R06-16,course,Improving Communication Skills,University of Pennsylvania (Wharton),https://www.coursera.org/learn/wharton-communication-skills,10,13,REQ-R06-2.A.1.b|REQ-R06-2.A.1.d|REQ-R06-4.A.4.a.1|REQ-R06-4.A.4.a.2|REQ-R06-4.A.4.a.4|REQ-R06-4.A.4.b.6,6,0.191295,source_checked_by_script,core_gap_closure
RUN-20261001100000-bad84c85,3,CRS-R06-F2,course,Understanding Research Methods,University of London,https://www.coursera.org/learn/research-methods,6,19,REQ-R06-4.A.1.a.1|REQ-R06-4.A.1.b.1,2,0.069031,source_checked_by_script,foundation
RUN-20261001100000-bad84c85,4,CRS-R06-F4,course,Critical Thinking Skills for the Professional,"University of California, Davis",https://www.coursera.org/learn/critical-thinking-skills-for-professionals,9,28,REQ-R06-2.B.2.i|REQ-R06-4.A.2.b.1,2,0.069374,source_checked_by_script,foundation
RUN-20261001100000-bad84c85,5,CRS-R06-F3,course,Learning How to Learn: Powerful mental tools to help you master tough subjects,Deep Teaching Solutions,https://www.coursera.org/learn/learning-how-to-learn,20,48,REQ-R06-2.A.1.a|REQ-R06-2.A.2.b|REQ-R06-4.A.2.b.3,3,0.101571,source_checked_by_script,foundation
RUN-20261001100000-bad84c85,6,CRS-R06-12,course,Google Technical Writing Courses (One and Two),Google,https://developers.google.com/tech-writing,16,64,REQ-R06-2.A.1.c|REQ-R06-4.A.3.b.6,2,0.063364,source_checked_by_script,core_gap_closure
RUN-20261001100000-bad84c85,7,CRS-R06-17,course,Site Reliability Engineering: Measuring and Managing Reliability,Google Cloud,https://www.coursera.org/learn/site-reliability-engineering-slos,15,79,REQ-R06-2.A.2.d|REQ-R06-4.A.2.b.4,2,0.055465,source_checked_by_script,core_gap_closure
RUN-20261001100000-bad84c85,8,CRS-R06-F5,course,"Work Smarter, Not Harder: Time Management for Personal & Professional Productivity","University of California, Irvine",https://www.coursera.org/learn/work-smarter-not-harder,10,89,REQ-R06-4.A.2.b.6,1,0.030394,source_checked_by_script,foundation
RUN-20261001100000-bad84c85,9,CRS-R06-F6,course,Project Planning: Putting It All Together,Google,https://www.coursera.org/learn/project-planning-google,21,110,REQ-R06-4.A.1.b.3,1,0.027647,source_checked_by_script,foundation
RUN-20261001100000-bad84c85,10,CRS-R06-F1,course,Write Professional Emails in English,Georgia Institute of Technology,https://www.coursera.org/learn/professional-emails-english,20,130,REQ-R06-2.C.7.a,1,0.025758,source_checked_by_script,foundation
RUN-20261001100000-bad84c85,11,CRS-R06-04,course,Kaggle Learn — Data Science Micro-courses,Kaggle (Google),https://www.kaggle.com/learn,40,170,REQ-R06-2.A.1.e,1,0.037606,source_checked_by_script,foundation
RUN-20261001100000-bad84c85,12,CRT-R06-10,certification,NVIDIA-Certified Associate: Generative AI LLMs,NVIDIA,https://www.nvidia.com/en-us/learn/certification/,60,230,REQ-R06-2.C.3.a,1,0.036404,source_checked_by_script,advanced_or_cert_prep
