run_id,requirement_id,element_id,element_name,domain,weight,actor,final_status,agreement_level,n_usable_models,rule_flags,evidence_quote,evidence_char_start,evidence_char_end,evidence_source,created_at
RUN-20261001100000-a3fabeef,REQ-R19-4.A.4.b.1,4.A.4.b.1,Coordinating the Work and Activities of Others,Work Activities,0.037759,,evidenced,1,2,A:R3b_supports|B:R3b_unavailable|C:R3b_supports|R7_actor_unknown,Cut purchase-order cycle time from 30 days to 9 by redesigning the requisition-to-payment process with finance and warehouse leads.,378,509,models,2026-10-01T10:00:00+07:00
RUN-20261001100000-a3fabeef,REQ-R19-4.A.4.a.2,4.A.4.a.2,"Communicating with Supervisors, Peers, or Subordinates",Work Activities,0.036516,,evidenced,1,2,A:R3b_supports|B:R3b_unavailable|C:R3b_supports|R7_actor_unknown,"Presented weekly status, risks and budget variance to the steering committee and escalated scope changes for approval.",512,630,models,2026-10-01T10:00:00+07:00
RUN-20261001100000-a3fabeef,REQ-R19-4.A.1.a.1,4.A.1.a.1,Getting Information,Work Activities,0.036283,,evidenced,1,2,A:R3b_supports|B:R3b_unavailable|C:R3b_supports|R7_actor_unknown,Ran requirement elicitation workshops with 40 business users and turned ambiguous requests into signed-off specifications.,633,755,models,2026-10-01T10:00:00+07:00
RUN-20261001100000-a3fabeef,REQ-R19-4.A.2.b.6,4.A.2.b.6,"Organizing, Planning, and Prioritizing Work",Work Activities,0.035895,,evidenced,1,3,R7_actor_unknown,"Ran the Agile delivery cycle for 4 concurrent client projects, owning the backlog, sprint cadence and release milestones.",758,879,models,2026-10-01T10:00:00+07:00
RUN-20261001100000-a3fabeef,REQ-R19-4.A.3.b.1,4.A.3.b.1,Working with Computers,Work Activities,0.035118,,evidenced,1,2,A:R3b_supports|B:R3b_unavailable|C:R3b_supports|R7_actor_unknown,Integrated SAP Business One with the e-procurement platform through a nightly reconciliation job.,882,979,models,2026-10-01T10:00:00+07:00
RUN-20261001100000-a3fabeef,REQ-R19-4.A.2.b.5,4.A.2.b.5,Scheduling Work and Activities,Work Activities,0.034574,,evidenced,1,3,R7_actor_unknown,"Ran the Agile delivery cycle for 4 concurrent client projects, owning the backlog, sprint cadence and release milestones.",758,879,models,2026-10-01T10:00:00+07:00
RUN-20261001100000-a3fabeef,REQ-R19-4.A.4.b.2,4.A.4.b.2,Developing and Building Teams,Work Activities,0.034418,,evidenced,1,3,R7_actor_unknown,Grew and mentored a delivery team from 6 to 18 people with no regretted attrition.,982,1064,models,2026-10-01T10:00:00+07:00
RUN-20261001100000-a3fabeef,REQ-R19-4.A.2.b.1,4.A.2.b.1,Making Decisions and Solving Problems,Work Activities,0.034185,,partially,1,2,A:R3b_supports|B:R3b_unavailable|C:R3b_supports|R7_actor_unknown|R7_reuse,Cut purchase-order cycle time from 30 days to 9 by redesigning the requisition-to-payment process with finance and warehouse leads.,378,509,models,2026-10-01T10:00:00+07:00
RUN-20261001100000-a3fabeef,REQ-R19-4.A.2.b.3,4.A.2.b.3,Updating and Using Relevant Knowledge,Work Activities,0.034185,,partially,1,2,A:R3b_partial|B:R3b_unavailable|C:R3b_partial,"M.Sc. Information Technology Management, Example Institute, 2016",1067,1131,models,2026-10-01T10:00:00+07:00
RUN-20261001100000-a3fabeef,REQ-R19-4.A.4.c.3,4.A.4.c.3,Monitoring and Controlling Resources,Work Activities,0.034185,,evidenced,1,2,A:R3b_supports|B:R3b_unavailable|C:R3b_supports|R7_actor_unknown,Delivered a THB 8M e-procurement platform for a retail group one month ahead of go-live at 22% under the agreed delivery budget.,1134,1262,models,2026-10-01T10:00:00+07:00
RUN-20261001100000-a3fabeef,REQ-R19-4.A.2.b.4,4.A.2.b.4,Developing Objectives and Strategies,Work Activities,0.033642,,evidenced,1,3,,Defined the 3-year roadmap for the procurement platform and aligned it with group finance objectives.,1265,1366,models,2026-10-01T10:00:00+07:00
RUN-20261001100000-a3fabeef,REQ-R19-4.A.4.a.1,4.A.4.a.1,Interpreting the Meaning of Information for Others,Work Activities,0.033642,,evidenced,1,2,A:R3b_supports|B:R3b_unavailable|C:R3b_supports,Ran requirement elicitation workshops with 40 business users and turned ambiguous requests into signed-off specifications.,633,755,models,2026-10-01T10:00:00+07:00
RUN-20261001100000-a3fabeef,REQ-R19-4.A.4.a.4,4.A.4.a.4,Establishing and Maintaining Interpersonal Relationships,Work Activities,0.033642,,partially,1,2,A:R3b_partial|B:R3b_unavailable|C:R3b_partial,Acted as the single point of contact between client stakeholders and engineering across 5 regulated industries.,1369,1480,models,2026-10-01T10:00:00+07:00
RUN-20261001100000-a3fabeef,REQ-R19-2.C.7.a,2.C.7.a,English Language,Knowledge,0.033331,,missing,1,2,B:R3b_unavailable,,-1,-1,,2026-10-01T10:00:00+07:00
RUN-20261001100000-a3fabeef,REQ-R19-4.A.1.b.1,4.A.1.b.1,"Identifying Objects, Actions, and Events",Work Activities,0.033331,,abstained,0,2,R1_no_two_votes|R1_unverified|A:R3b_supports|B:R3b_unavailable|C:R2_quote_not_found,,-1,-1,,2026-10-01T10:00:00+07:00
RUN-20261001100000-a3fabeef,REQ-R19-4.A.4.b.4,4.A.4.b.4,"Guiding, Directing, and Motivating Subordinates",Work Activities,0.033331,,evidenced,1,2,A:R3b_supports|B:R3b_unavailable|C:R3b_supports|R7_actor_unknown,"Directed 5 system analysts, 10 developers and 3 QA engineers, running quarterly performance reviews and training needs analysis.",1568,1696,models,2026-10-01T10:00:00+07:00
RUN-20261001100000-a3fabeef,REQ-R19-2.C.1.e,2.C.1.e,Customer and Personal Service,Knowledge,0.032942,,evidenced,1,2,A:R3b_supports|B:R3b_unavailable|C:R3b_supports|R7_actor_unknown,Hosted fortnightly customer advisory sessions to collect feedback and reprioritise features.,1699,1791,models,2026-10-01T10:00:00+07:00
RUN-20261001100000-a3fabeef,REQ-R19-4.A.4.a.7,4.A.4.a.7,Resolving Conflicts and Negotiating with Others,Work Activities,0.032942,,evidenced,1,3,R7_actor_unknown,"Negotiated change requests and payment milestones with three vendors, keeping the programme within contract value.",1794,1908,models,2026-10-01T10:00:00+07:00
RUN-20261001100000-a3fabeef,REQ-R19-2.C.3.a,2.C.3.a,Computers and Electronics,Knowledge,0.032554,,partially,1,2,A:R3b_partial|B:R3b_unavailable|C:R3b_partial,"Tools: Jira, Confluence, Microsoft Project, SQL, Excel",1911,1965,models,2026-10-01T10:00:00+07:00
RUN-20261001100000-a3fabeef,REQ-R19-4.A.3.b.6,4.A.3.b.6,Documenting/Recording Information,Work Activities,0.032554,,evidenced,1,3,,Wrote SRS documents and kept a requirements traceability matrix for every release.,1968,2050,models,2026-10-01T10:00:00+07:00
RUN-20261001100000-a3fabeef,REQ-R19-4.A.2.a.4,4.A.2.a.4,Analyzing Data or Information,Work Activities,0.032321,,evidenced,1,2,A:R3b_supports|B:R3b_unavailable|C:R3b_supports,Built a demand forecasting dashboard with SQL that reduced forecast error from 35% to 9% for 120 branches.,2053,2159,models,2026-10-01T10:00:00+07:00
RUN-20261001100000-a3fabeef,REQ-R19-4.A.2.a.2,4.A.2.a.2,Processing Information,Work Activities,0.032165,,evidenced,1,2,A:R3b_supports|B:R3b_unavailable|C:R3b_supports|R7_actor_unknown,Integrated SAP Business One with the e-procurement platform through a nightly reconciliation job.,882,979,models,2026-10-01T10:00:00+07:00
RUN-20261001100000-a3fabeef,REQ-R19-4.A.4.a.3,4.A.4.a.3,Communicating with People Outside the Organization,Work Activities,0.032165,,evidenced,1,3,R7_actor_unknown,Acted as the single point of contact between client stakeholders and engineering across 5 regulated industries.,1369,1480,models,2026-10-01T10:00:00+07:00
RUN-20261001100000-a3fabeef,REQ-R19-2.A.2.a,2.A.2.a,Critical Thinking,Essential Skills,0.03201,,evidenced,0.6667,3,,Facilitated root cause analysis sessions after production incidents and tracked corrective actions to closure.,2162,2272,models,2026-10-01T10:00:00+07:00
RUN-20261001100000-a3fabeef,REQ-R19-4.A.1.a.2,4.A.1.a.2,"Monitoring Processes, Materials, or Surroundings",Work Activities,0.031855,,evidenced,1,2,A:R3b_supports|B:R3b_unavailable|C:R3b_supports|R7_actor_unknown,Tracked incident queues and service dashboards daily to spot delivery risks early.,1483,1565,models,2026-10-01T10:00:00+07:00
RUN-20261001100000-a3fabeef,REQ-R19-2.A.1.a,2.A.1.a,Reading Comprehension,Essential Skills,0.031078,,partially,1,3,,Wrote SRS documents and kept a requirements traceability matrix for every release.,1968,2050,models,2026-10-01T10:00:00+07:00
RUN-20261001100000-a3fabeef,REQ-R19-2.A.1.b,2.A.1.b,Active Listening,Essential Skills,0.031078,,partially,1,3,R7_reuse,Ran requirement elicitation workshops with 40 business users and turned ambiguous requests into signed-off specifications.,633,755,models,2026-10-01T10:00:00+07:00
RUN-20261001100000-a3fabeef,REQ-R19-2.B.1.b,2.B.1.b,Coordination,Transferable Skills,0.031078,,evidenced,1,2,A:R3b_supports|B:R3b_unavailable|C:R3b_supports,Cut purchase-order cycle time from 30 days to 9 by redesigning the requisition-to-payment process with finance and warehouse leads.,378,509,models,2026-10-01T10:00:00+07:00
RUN-20261001100000-a3fabeef,REQ-R19-2.B.5.a,2.B.5.a,Time Management,Transferable Skills,0.031078,,partially,0,2,R1_no_two_votes|R1_unverified|B:R3b_unavailable|C:R3b_partial|R5_credential:CRT-R19-01,"Project Management Professional (PMP), PMI, 2023",2394,2442,credential,2026-10-01T10:00:00+07:00
RUN-20261001100000-a3fabeef,REQ-R19-2.B.5.d,2.B.5.d,Management of Personnel Resources,Transferable Skills,0.030145,,evidenced,1,2,A:R3b_supports|B:R3b_unavailable|C:R3b_supports,"Directed 5 system analysts, 10 developers and 3 QA engineers, running quarterly performance reviews and training needs analysis.",1568,1696,models,2026-10-01T10:00:00+07:00
