run_id,requirement_id,model_key,claimed_status,quote,quote_char_start,quote_char_end,quote_text_version,quote_verified,overlap_score,model_confidence,rule_flags,target_kind,quote_index,evidence_type,r3_layer,verifier_key,verifier_verdict,final_vote,created_at
RUN-20261001100000-a3fabeef,REQ-R19-4.A.4.b.1,A,evidenced,Cuts purchase-order cycle time from 30 days to 9 by redesigning the requisition-to-payment process with finance and warehouse leads.,378,509,repaired,true,0,0.9,R2_repaired|R3a_low_overlap|R3b_supports,requirement,0,result,semantic,B,supports,evidenced,2026-10-01T10:00:00+07:00
RUN-20261001100000-a3fabeef,REQ-R19-4.A.4.a.2,A,evidenced,"Presented weekly status, risks and budget variance to the steering committee and escalated scope changes for approval.",512,630,normalized,true,0,0.9,R3a_low_overlap|R3b_supports,requirement,0,action,semantic,B,supports,evidenced,2026-10-01T10:00:00+07:00
RUN-20261001100000-a3fabeef,REQ-R19-4.A.1.a.1,A,evidenced,Ran requirement elicitation workshops with 40 business users and turned ambiguous requests into signed-off specifications.,633,755,normalized,true,0.0714,0.9,R3a_low_overlap|R3b_supports,requirement,0,result,semantic,B,supports,evidenced,2026-10-01T10:00:00+07:00
RUN-20261001100000-a3fabeef,REQ-R19-4.A.2.b.6,A,evidenced,"Ran the Agile delivery cycle for 4 concurrent client projects, owning the backlog, sprint cadence and release milestones.",758,879,normalized,true,0.2308,0.9,,requirement,0,result,lexical,,,evidenced,2026-10-01T10:00:00+07:00
RUN-20261001100000-a3fabeef,REQ-R19-4.A.3.b.1,A,evidenced,Integrated SAP Business One with the e-procurement platform through a nightly reconciliation job.,882,979,normalized,true,0,0.9,R3a_low_overlap|R3b_supports,requirement,0,action,semantic,B,supports,evidenced,2026-10-01T10:00:00+07:00
RUN-20261001100000-a3fabeef,REQ-R19-4.A.2.b.5,A,evidenced,"Ran the Agile delivery cycle for 4 concurrent client projects, owning the backlog, sprint cadence and release milestones.",758,879,normalized,true,0.1538,0.9,,requirement,0,result,lexical,,,evidenced,2026-10-01T10:00:00+07:00
RUN-20261001100000-a3fabeef,REQ-R19-4.A.4.b.2,A,evidenced,Grew and mentored a delivery team from 6 to 18 people with no regretted attrition.,982,1064,normalized,true,0.2222,0.9,,requirement,0,result,lexical,,,evidenced,2026-10-01T10:00:00+07:00
RUN-20261001100000-a3fabeef,REQ-R19-4.A.2.b.1,A,evidenced,Cut purchase-order cycle time from 30 days to 9 by redesigning the requisition-to-payment process with finance and warehouse leads.,378,509,normalized,true,0,0.9,R3a_low_overlap|R3b_supports,requirement,0,result,semantic,B,supports,evidenced,2026-10-01T10:00:00+07:00
RUN-20261001100000-a3fabeef,REQ-R19-4.A.2.b.3,A,partially,"M.Sc. Information Technology Management, Example Institute, 2016",1067,1131,normalized,true,0.125,0.6,R3a_low_overlap|R3b_partial,requirement,0,education,semantic,B,partially_supports,partially,2026-10-01T10:00:00+07:00
RUN-20261001100000-a3fabeef,REQ-R19-4.A.4.c.3,A,evidenced,Delivered a THB 8M e-procurement platform for a retail group one month ahead of go-live at 22% under the agreed delivery budget.,1134,1262,normalized,true,0.0556,0.9,R3a_low_overlap|R3b_supports,requirement,0,result,semantic,B,supports,evidenced,2026-10-01T10:00:00+07:00
RUN-20261001100000-a3fabeef,REQ-R19-4.A.2.b.4,A,evidenced,Defined the 3-year roadmap for the procurement platform and aligned it with group finance objectives.,1265,1366,normalized,true,1,0.9,R3_alias_hit,requirement,0,result,lexical,,,evidenced,2026-10-01T10:00:00+07:00
RUN-20261001100000-a3fabeef,REQ-R19-4.A.4.a.1,A,evidenced,Ran requirement elicitation workshops with 40 business users and turned ambiguous requests into signed-off specifications.,633,755,normalized,true,0.0714,0.9,R3a_low_overlap|R3b_supports,requirement,0,result,semantic,B,supports,evidenced,2026-10-01T10:00:00+07:00
RUN-20261001100000-a3fabeef,REQ-R19-4.A.4.a.4,A,partially,Acted as the single point of contact between client stakeholders and engineering across 5 regulated industries.,1369,1480,normalized,true,0.1,0.6,R3a_low_overlap|R3b_partial,requirement,0,result,semantic,B,partially_supports,partially,2026-10-01T10:00:00+07:00
RUN-20261001100000-a3fabeef,REQ-R19-2.C.7.a,A,missing,,-1,-1,,,,0.8,model_missing,requirement,,,,,,missing,2026-10-01T10:00:00+07:00
RUN-20261001100000-a3fabeef,REQ-R19-4.A.1.b.1,A,evidenced,Tracked incident queues and service dashboards daily to spot delivery risks early.,1483,1565,normalized,true,0,0.9,R3a_low_overlap|R3b_supports,requirement,0,action,semantic,B,supports,evidenced,2026-10-01T10:00:00+07:00
RUN-20261001100000-a3fabeef,REQ-R19-4.A.4.b.4,A,evidenced,"Directed 5 system analysts, 10 developers and 3 QA engineers, running quarterly performance reviews and training needs analysis.",1568,1696,normalized,true,0.1429,0.9,R3a_low_overlap|R3b_supports,requirement,0,result,semantic,B,supports,evidenced,2026-10-01T10:00:00+07:00
RUN-20261001100000-a3fabeef,REQ-R19-2.C.1.e,A,evidenced,Hosted fortnightly customer advisory sessions to collect feedback and reprioritise features.,1699,1791,normalized,true,0.1111,0.9,R3a_low_overlap|R3b_supports,requirement,0,action,semantic,B,supports,evidenced,2026-10-01T10:00:00+07:00
RUN-20261001100000-a3fabeef,REQ-R19-4.A.4.a.7,A,evidenced,"Negotiated change requests and payment milestones with three vendors, keeping the programme within contract value.",1794,1908,normalized,true,1,0.9,R3_alias_hit,requirement,0,action,lexical,,,evidenced,2026-10-01T10:00:00+07:00
RUN-20261001100000-a3fabeef,REQ-R19-2.C.3.a,A,partially,"Tools: Jira, Confluence, Microsoft Project, SQL, Excel",1911,1965,normalized,true,0,0.6,R3a_low_overlap|R3b_partial,requirement,0,tool_list,semantic,B,partially_supports,partially,2026-10-01T10:00:00+07:00
RUN-20261001100000-a3fabeef,REQ-R19-4.A.3.b.6,A,evidenced,Wrote SRS documents and kept a requirements traceability matrix for every release.,1968,2050,normalized,true,0.2222,0.9,,requirement,0,action,lexical,,,evidenced,2026-10-01T10:00:00+07:00
RUN-20261001100000-a3fabeef,REQ-R19-4.A.2.a.4,A,evidenced,Built a demand forecasting dashboard with SQL that reduced forecast error from 35% to 9% for 120 branches.,2053,2159,normalized,true,0,0.9,R3a_low_overlap|R3b_supports,requirement,0,result,semantic,B,supports,evidenced,2026-10-01T10:00:00+07:00
RUN-20261001100000-a3fabeef,REQ-R19-4.A.2.a.2,A,evidenced,Integrated SAP Business One with the e-procurement platform through a nightly reconciliation job.,882,979,normalized,true,0,0.9,R3a_low_overlap|R3b_supports,requirement,0,action,semantic,B,supports,evidenced,2026-10-01T10:00:00+07:00
RUN-20261001100000-a3fabeef,REQ-R19-4.A.4.a.3,A,evidenced,Acted as the single point of contact between client stakeholders and engineering across 5 regulated industries.,1369,1480,normalized,true,0.2,0.9,,requirement,0,result,lexical,,,evidenced,2026-10-01T10:00:00+07:00
RUN-20261001100000-a3fabeef,REQ-R19-2.A.2.a,A,evidenced,Facilitated root cause analysis sessions after production incidents and tracked corrective actions to closure.,2162,2272,normalized,true,1,0.9,R3_alias_hit,requirement,0,action,lexical,,,evidenced,2026-10-01T10:00:00+07:00
RUN-20261001100000-a3fabeef,REQ-R19-4.A.1.a.2,A,evidenced,Tracked incident queues and service dashboards daily to spot delivery risks early.,1483,1565,normalized,true,0,0.9,R3a_low_overlap|R3b_supports,requirement,0,action,semantic,B,supports,evidenced,2026-10-01T10:00:00+07:00
RUN-20261001100000-a3fabeef,REQ-R19-2.A.1.a,A,partially,Wrote SRS documents and kept a requirements traceability matrix for every release.,1968,2050,normalized,true,0.2222,0.6,,requirement,0,action,lexical,,,partially,2026-10-01T10:00:00+07:00
RUN-20261001100000-a3fabeef,REQ-R19-2.A.1.b,A,evidenced,Ran requirement elicitation workshops with 40 business users and turned ambiguous requests into signed-off specifications.,633,755,normalized,true,1,0.9,R3_alias_hit,requirement,0,result,lexical,,,evidenced,2026-10-01T10:00:00+07:00
RUN-20261001100000-a3fabeef,REQ-R19-2.B.1.b,A,evidenced,Cut purchase-order cycle time from 30 days to 9 by redesigning the requisition-to-payment process with finance and warehouse leads.,378,509,normalized,true,0,0.9,R3a_low_overlap|R3b_supports,requirement,0,result,semantic,B,supports,evidenced,2026-10-01T10:00:00+07:00
RUN-20261001100000-a3fabeef,REQ-R19-2.B.5.a,A,missing,,-1,-1,,,,0.8,model_missing,requirement,,,,,,missing,2026-10-01T10:00:00+07:00
RUN-20261001100000-a3fabeef,REQ-R19-2.B.5.d,A,evidenced,"Directed 5 system analysts, 10 developers and 3 QA engineers, running quarterly performance reviews and training needs analysis.",1568,1696,normalized,true,0.1429,0.9,R3a_low_overlap|R3b_supports,requirement,0,result,semantic,B,supports,evidenced,2026-10-01T10:00:00+07:00
RUN-20261001100000-a3fabeef,TASK-R19-16169,A,evidenced,Delivered a THB 8M e-procurement platform for a retail group one month ahead of go-live at 22% under the agreed delivery budget.,1134,1262,normalized,true,0.0556,0.85,R3a_low_overlap|R3b_supports,task,0,,semantic,B,supports,evidenced,2026-10-01T10:00:00+07:00
RUN-20261001100000-a3fabeef,TASK-R19-16154,A,evidenced,Facilitated root cause analysis sessions after production incidents and tracked corrective actions to closure.,2162,2272,normalized,true,0,0.85,R3a_low_overlap|R3b_supports,task,0,,semantic,B,supports,evidenced,2026-10-01T10:00:00+07:00
RUN-20261001100000-a3fabeef,TASK-R19-16157,A,evidenced,"Ran the Agile delivery cycle for 4 concurrent client projects, owning the backlog, sprint cadence and release milestones.",758,879,normalized,true,0.1538,0.85,,task,0,,lexical,,,evidenced,2026-10-01T10:00:00+07:00
RUN-20261001100000-a3fabeef,TASK-R19-16152,A,evidenced,Set up UAT sign-off checklists so every deliverable met the agreed acceptance criteria before release.,2275,2377,normalized,true,0.0625,0.85,R3a_low_overlap|R3b_supports,task,0,,semantic,B,supports,evidenced,2026-10-01T10:00:00+07:00
RUN-20261001100000-a3fabeef,TASK-R19-16155,A,evidenced,Hosted fortnightly customer advisory sessions to collect feedback and reprioritise features.,1699,1791,normalized,true,0.1111,0.85,R3a_low_overlap|R3b_supports,task,0,,semantic,B,supports,evidenced,2026-10-01T10:00:00+07:00
RUN-20261001100000-a3fabeef,TASK-R19-16159,A,evidenced,"Presented weekly status, risks and budget variance to the steering committee and escalated scope changes for approval.",512,630,normalized,true,0,0.85,R3a_low_overlap|R3b_supports,task,0,,semantic,B,supports,evidenced,2026-10-01T10:00:00+07:00
RUN-20261001100000-a3fabeef,TASK-R19-16156,A,partially,"Presented weekly status, risks and budget variance to the steering committee and escalated scope changes for approval.",512,630,normalized,true,0,0.85,R3a_low_overlap|R3b_partial,task,0,,semantic,B,partially_supports,partially,2026-10-01T10:00:00+07:00
RUN-20261001100000-a3fabeef,TASK-R19-16163,A,evidenced,"Directed 5 system analysts, 10 developers and 3 QA engineers, running quarterly performance reviews and training needs analysis.",1568,1696,normalized,true,0.0714,0.85,R3a_low_overlap|R3b_supports,task,0,,semantic,B,supports,evidenced,2026-10-01T10:00:00+07:00
RUN-20261001100000-a3fabeef,REQ-R19-4.A.4.b.1,B,evidenced,Cut purchase-order cycle time from 30 days to 9 by redesigning the requisition-to-payment process with finance and warehouse leads.,378,509,normalized,true,0,0.9,R3a_low_overlap|R3b_unavailable,requirement,0,result,semantic,C,,unverified,2026-10-01T10:00:00+07:00
RUN-20261001100000-a3fabeef,REQ-R19-4.A.4.a.2,B,evidenced,"Presented weekly status, risks and budget variance to the steering committee and escalated scope changes for approval.",512,630,normalized,true,0,0.9,R3a_low_overlap|R3b_unavailable,requirement,0,action,semantic,C,,unverified,2026-10-01T10:00:00+07:00
RUN-20261001100000-a3fabeef,REQ-R19-4.A.1.a.1,B,evidenced,Ran requirement elicitation workshops with 40 business users and turned ambiguous requests into signed-off specifications.,633,755,normalized,true,0.0714,0.9,R3a_low_overlap|R3b_unavailable,requirement,0,result,semantic,C,,unverified,2026-10-01T10:00:00+07:00
RUN-20261001100000-a3fabeef,REQ-R19-4.A.2.b.6,B,evidenced,"Ran the Agile delivery cycle for 4 concurrent client projects, owning the backlog, sprint cadence and release milestones.",758,879,normalized,true,0.2308,0.9,,requirement,0,result,lexical,,,evidenced,2026-10-01T10:00:00+07:00
RUN-20261001100000-a3fabeef,REQ-R19-4.A.3.b.1,B,evidenced,Integrated SAP Business One with the e-procurement platform through a nightly reconciliation job.,882,979,normalized,true,0,0.9,R3a_low_overlap|R3b_unavailable,requirement,0,action,semantic,C,,unverified,2026-10-01T10:00:00+07:00
RUN-20261001100000-a3fabeef,REQ-R19-4.A.2.b.5,B,evidenced,"Ran the Agile delivery cycle for 4 concurrent client projects, owning the backlog, sprint cadence and release milestones.",758,879,normalized,true,0.1538,0.9,,requirement,0,result,lexical,,,evidenced,2026-10-01T10:00:00+07:00
RUN-20261001100000-a3fabeef,REQ-R19-4.A.4.b.2,B,evidenced,Grew and mentored a delivery team from 6 to 18 people with no regretted attrition.,982,1064,normalized,true,0.2222,0.9,,requirement,0,result,lexical,,,evidenced,2026-10-01T10:00:00+07:00
RUN-20261001100000-a3fabeef,REQ-R19-4.A.2.b.1,B,evidenced,Cut purchase-order cycle time from 30 days to 9 by redesigning the requisition-to-payment process with finance and warehouse leads.,378,509,normalized,true,0,0.9,R3a_low_overlap|R3b_unavailable,requirement,0,result,semantic,C,,unverified,2026-10-01T10:00:00+07:00
RUN-20261001100000-a3fabeef,REQ-R19-4.A.2.b.3,B,partially,"M.Sc. Information Technology Management, Example Institute, 2016",1067,1131,normalized,true,0.125,0.6,R3a_low_overlap|R3b_unavailable,requirement,0,education,semantic,C,,unverified,2026-10-01T10:00:00+07:00
RUN-20261001100000-a3fabeef,REQ-R19-4.A.4.c.3,B,evidenced,Delivered a THB 8M e-procurement platform for a retail group one month ahead of go-live at 22% under the agreed delivery budget.,1134,1262,normalized,true,0.0556,0.9,R3a_low_overlap|R3b_unavailable,requirement,0,result,semantic,C,,unverified,2026-10-01T10:00:00+07:00
RUN-20261001100000-a3fabeef,REQ-R19-4.A.2.b.4,B,evidenced,Defined the 3-year roadmap for the procurement platform and aligned it with group finance objectives.,1265,1366,normalized,true,1,0.9,R3_alias_hit,requirement,0,result,lexical,,,evidenced,2026-10-01T10:00:00+07:00
RUN-20261001100000-a3fabeef,REQ-R19-4.A.4.a.1,B,evidenced,Ran requirement elicitation workshops with 40 business users and turned ambiguous requests into signed-off specifications.,633,755,normalized,true,0.0714,0.9,R3a_low_overlap|R3b_unavailable,requirement,0,result,semantic,C,,unverified,2026-10-01T10:00:00+07:00
RUN-20261001100000-a3fabeef,REQ-R19-4.A.4.a.4,B,partially,Acted as the single point of contact between client stakeholders and engineering across 5 regulated industries.,1369,1480,normalized,true,0.1,0.6,R3a_low_overlap|R3b_unavailable,requirement,0,result,semantic,C,,unverified,2026-10-01T10:00:00+07:00
RUN-20261001100000-a3fabeef,REQ-R19-2.C.7.a,B,partially,"Senior IT Project Manager, Example Retail Group, 2019-present",231,292,normalized,true,0,0.6,R3a_low_overlap|R3b_unavailable,requirement,0,result,semantic,C,,unverified,2026-10-01T10:00:00+07:00
RUN-20261001100000-a3fabeef,REQ-R19-4.A.1.b.1,B,evidenced,Tracked incident queues and service dashboards daily to spot delivery risks early.,1483,1565,normalized,true,0,0.9,R3a_low_overlap|R3b_unavailable,requirement,0,action,semantic,C,,unverified,2026-10-01T10:00:00+07:00
RUN-20261001100000-a3fabeef,REQ-R19-4.A.4.b.4,B,evidenced,"Directed 5 system analysts, 10 developers and 3 QA engineers, running quarterly performance reviews and training needs analysis.",1568,1696,normalized,true,0.1429,0.9,R3a_low_overlap|R3b_unavailable,requirement,0,result,semantic,C,,unverified,2026-10-01T10:00:00+07:00
RUN-20261001100000-a3fabeef,REQ-R19-2.C.1.e,B,evidenced,Hosted fortnightly customer advisory sessions to collect feedback and reprioritise features.,1699,1791,normalized,true,0.1111,0.9,R3a_low_overlap|R3b_unavailable,requirement,0,action,semantic,C,,unverified,2026-10-01T10:00:00+07:00
RUN-20261001100000-a3fabeef,REQ-R19-4.A.4.a.7,B,evidenced,"Negotiated change requests and payment milestones with three vendors, keeping the programme within contract value.",1794,1908,normalized,true,1,0.9,R3_alias_hit,requirement,0,action,lexical,,,evidenced,2026-10-01T10:00:00+07:00
RUN-20261001100000-a3fabeef,REQ-R19-2.C.3.a,B,partially,"Tools: Jira, Confluence, Microsoft Project, SQL, Excel",1911,1965,normalized,true,0,0.6,R3a_low_overlap|R3b_unavailable,requirement,0,tool_list,semantic,C,,unverified,2026-10-01T10:00:00+07:00
RUN-20261001100000-a3fabeef,REQ-R19-4.A.3.b.6,B,evidenced,Wrote SRS documents and kept a requirements traceability matrix for every release.,1968,2050,normalized,true,0.2222,0.9,,requirement,0,action,lexical,,,evidenced,2026-10-01T10:00:00+07:00
RUN-20261001100000-a3fabeef,REQ-R19-4.A.2.a.4,B,evidenced,Built a demand forecasting dashboard with SQL that reduced forecast error from 35% to 9% for 120 branches.,2053,2159,normalized,true,0,0.9,R3a_low_overlap|R3b_unavailable,requirement,0,result,semantic,C,,unverified,2026-10-01T10:00:00+07:00
RUN-20261001100000-a3fabeef,REQ-R19-4.A.2.a.2,B,evidenced,Integrated SAP Business One with the e-procurement platform through a nightly reconciliation job.,882,979,normalized,true,0,0.9,R3a_low_overlap|R3b_unavailable,requirement,0,action,semantic,C,,unverified,2026-10-01T10:00:00+07:00
RUN-20261001100000-a3fabeef,REQ-R19-4.A.4.a.3,B,evidenced,Acted as the single point of contact between client stakeholders and engineering across 5 regulated industries.,1369,1480,normalized,true,0.2,0.9,,requirement,0,result,lexical,,,evidenced,2026-10-01T10:00:00+07:00
RUN-20261001100000-a3fabeef,REQ-R19-2.A.2.a,B,missing,,-1,-1,,,,0.8,model_missing,requirement,,,,,,missing,2026-10-01T10:00:00+07:00
RUN-20261001100000-a3fabeef,REQ-R19-4.A.1.a.2,B,evidenced,Tracked incident queues and service dashboards daily to spot delivery risks early.,1483,1565,normalized,true,0,0.9,R3a_low_overlap|R3b_unavailable,requirement,0,action,semantic,C,,unverified,2026-10-01T10:00:00+07:00
RUN-20261001100000-a3fabeef,REQ-R19-2.A.1.a,B,partially,Wrote SRS documents and kept a requirements traceability matrix for every release.,1968,2050,normalized,true,0.2222,0.6,,requirement,0,action,lexical,,,partially,2026-10-01T10:00:00+07:00
RUN-20261001100000-a3fabeef,REQ-R19-2.A.1.b,B,evidenced,Ran requirement elicitation workshops with 40 business users and turned ambiguous requests into signed-off specifications.,633,755,normalized,true,1,0.9,R3_alias_hit,requirement,0,result,lexical,,,evidenced,2026-10-01T10:00:00+07:00
RUN-20261001100000-a3fabeef,REQ-R19-2.B.1.b,B,evidenced,Cut purchase-order cycle time from 30 days to 9 by redesigning the requisition-to-payment process with finance and warehouse leads.,378,509,normalized,true,0,0.9,R3a_low_overlap|R3b_unavailable,requirement,0,result,semantic,C,,unverified,2026-10-01T10:00:00+07:00
RUN-20261001100000-a3fabeef,REQ-R19-2.B.5.a,B,partially,Delivered a THB 8M e-procurement platform for a retail group one month ahead of go-live at 22% under the agreed delivery budget.,1134,1262,normalized,true,0.1111,0.6,R3a_low_overlap|R3b_unavailable,requirement,0,result,semantic,C,,unverified,2026-10-01T10:00:00+07:00
RUN-20261001100000-a3fabeef,REQ-R19-2.B.5.d,B,evidenced,"Directed 5 system analysts, 10 developers and 3 QA engineers, running quarterly performance reviews and training needs analysis.",1568,1696,normalized,true,0.1429,0.9,R3a_low_overlap|R3b_unavailable,requirement,0,result,semantic,C,,unverified,2026-10-01T10:00:00+07:00
RUN-20261001100000-a3fabeef,TASK-R19-16169,B,evidenced,Delivered a THB 8M e-procurement platform for a retail group one month ahead of go-live at 22% under the agreed delivery budget.,1134,1262,normalized,true,0.0556,0.85,R3a_low_overlap|R3b_unavailable,task,0,,semantic,C,,unverified,2026-10-01T10:00:00+07:00
RUN-20261001100000-a3fabeef,TASK-R19-16154,B,evidenced,Facilitated root cause analysis sessions after production incidents and tracked corrective actions to closure.,2162,2272,normalized,true,0,0.85,R3a_low_overlap|R3b_unavailable,task,0,,semantic,C,,unverified,2026-10-01T10:00:00+07:00
RUN-20261001100000-a3fabeef,TASK-R19-16157,B,evidenced,"Ran the Agile delivery cycle for 4 concurrent client projects, owning the backlog, sprint cadence and release milestones.",758,879,normalized,true,0.1538,0.85,,task,0,,lexical,,,evidenced,2026-10-01T10:00:00+07:00
RUN-20261001100000-a3fabeef,TASK-R19-16152,B,evidenced,Set up UAT sign-off checklists so every deliverable met the agreed acceptance criteria before release.,2275,2377,normalized,true,0.0625,0.85,R3a_low_overlap|R3b_unavailable,task,0,,semantic,C,,unverified,2026-10-01T10:00:00+07:00
RUN-20261001100000-a3fabeef,TASK-R19-16155,B,evidenced,Hosted fortnightly customer advisory sessions to collect feedback and reprioritise features.,1699,1791,normalized,true,0.1111,0.85,R3a_low_overlap|R3b_unavailable,task,0,,semantic,C,,unverified,2026-10-01T10:00:00+07:00
RUN-20261001100000-a3fabeef,TASK-R19-16159,B,evidenced,"Presented weekly status, risks and budget variance to the steering committee and escalated scope changes for approval.",512,630,normalized,true,0,0.85,R3a_low_overlap|R3b_unavailable,task,0,,semantic,C,,unverified,2026-10-01T10:00:00+07:00
RUN-20261001100000-a3fabeef,TASK-R19-16156,B,partially,"Presented weekly status, risks and budget variance to the steering committee and escalated scope changes for approval.",512,630,normalized,true,0,0.85,R3a_low_overlap|R3b_unavailable,task,0,,semantic,C,,unverified,2026-10-01T10:00:00+07:00
RUN-20261001100000-a3fabeef,TASK-R19-16163,B,evidenced,"Directed 5 system analysts, 10 developers and 3 QA engineers, running quarterly performance reviews and training needs analysis.",1568,1696,normalized,true,0.0714,0.85,R3a_low_overlap|R3b_unavailable,task,0,,semantic,C,,unverified,2026-10-01T10:00:00+07:00
RUN-20261001100000-a3fabeef,REQ-R19-4.A.4.b.1,C,evidenced,Cut purchase-order cycle time from 30 days to 9 by redesigning the requisition-to-payment process with finance and warehouse leads.,378,509,normalized,true,0,0.9,R3a_low_overlap|R3b_supports,requirement,0,result,semantic,A,supports,evidenced,2026-10-01T10:00:00+07:00
RUN-20261001100000-a3fabeef,REQ-R19-4.A.4.a.2,C,evidenced,"Presented weekly status, risks and budget variance to the steering committee and escalated scope changes for approval.",512,630,normalized,true,0,0.9,R3a_low_overlap|R3b_supports,requirement,0,action,semantic,A,supports,evidenced,2026-10-01T10:00:00+07:00
RUN-20261001100000-a3fabeef,REQ-R19-4.A.1.a.1,C,evidenced,Ran requirement elicitation workshops with 40 business users and turned ambiguous requests into signed-off specifications.,633,755,normalized,true,0.0714,0.9,R3a_low_overlap|R3b_supports,requirement,0,result,semantic,A,supports,evidenced,2026-10-01T10:00:00+07:00
RUN-20261001100000-a3fabeef,REQ-R19-4.A.2.b.6,C,evidenced,"Ran the Agile delivery cycle for 4 concurrent client projects, owning the backlog, sprint cadence and release milestones.",758,879,normalized,true,0.2308,0.9,,requirement,0,result,lexical,,,evidenced,2026-10-01T10:00:00+07:00
RUN-20261001100000-a3fabeef,REQ-R19-4.A.3.b.1,C,evidenced,Integrated SAP Business One with the e-procurement platform through a nightly reconciliation job.,882,979,normalized,true,0,0.9,R3a_low_overlap|R3b_supports,requirement,0,action,semantic,A,supports,evidenced,2026-10-01T10:00:00+07:00
RUN-20261001100000-a3fabeef,REQ-R19-4.A.2.b.5,C,evidenced,"Ran the Agile delivery cycle for 4 concurrent client projects, owning the backlog, sprint cadence and release milestones.",758,879,normalized,true,0.1538,0.9,,requirement,0,result,lexical,,,evidenced,2026-10-01T10:00:00+07:00
RUN-20261001100000-a3fabeef,REQ-R19-4.A.4.b.2,C,evidenced,Grew and mentored a delivery team from 6 to 18 people with no regretted attrition.,982,1064,normalized,true,0.2222,0.9,,requirement,0,result,lexical,,,evidenced,2026-10-01T10:00:00+07:00
RUN-20261001100000-a3fabeef,REQ-R19-4.A.2.b.1,C,evidenced,Cut purchase-order cycle time from 30 days to 9 by redesigning the requisition-to-payment process with finance and warehouse leads.,378,509,normalized,true,0,0.9,R3a_low_overlap|R3b_supports,requirement,0,result,semantic,A,supports,evidenced,2026-10-01T10:00:00+07:00
RUN-20261001100000-a3fabeef,REQ-R19-4.A.2.b.3,C,partially,"M.Sc. Information Technology Management, Example Institute, 2016",1067,1131,normalized,true,0.125,0.6,R3a_low_overlap|R3b_partial,requirement,0,education,semantic,A,partially_supports,partially,2026-10-01T10:00:00+07:00
RUN-20261001100000-a3fabeef,REQ-R19-4.A.4.c.3,C,evidenced,Delivered a THB 8M e-procurement platform for a retail group one month ahead of go-live at 22% under the agreed delivery budget.,1134,1262,normalized,true,0.0556,0.9,R3a_low_overlap|R3b_supports,requirement,0,result,semantic,A,supports,evidenced,2026-10-01T10:00:00+07:00
RUN-20261001100000-a3fabeef,REQ-R19-4.A.2.b.4,C,evidenced,Defined the 3-year roadmap for the procurement platform and aligned it with group finance objectives.,1265,1366,normalized,true,1,0.9,R3_alias_hit,requirement,0,result,lexical,,,evidenced,2026-10-01T10:00:00+07:00
RUN-20261001100000-a3fabeef,REQ-R19-4.A.4.a.1,C,evidenced,Ran requirement elicitation workshops with 40 business users and turned ambiguous requests into signed-off specifications.,633,755,normalized,true,0.0714,0.9,R3a_low_overlap|R3b_supports,requirement,0,result,semantic,A,supports,evidenced,2026-10-01T10:00:00+07:00
RUN-20261001100000-a3fabeef,REQ-R19-4.A.4.a.4,C,partially,Acted as the single point of contact between client stakeholders and engineering across 5 regulated industries.,1369,1480,normalized,true,0.1,0.6,R3a_low_overlap|R3b_partial,requirement,0,result,semantic,A,partially_supports,partially,2026-10-01T10:00:00+07:00
RUN-20261001100000-a3fabeef,REQ-R19-2.C.7.a,C,missing,,-1,-1,,,,0.8,model_missing,requirement,,,,,,missing,2026-10-01T10:00:00+07:00
RUN-20261001100000-a3fabeef,REQ-R19-4.A.1.b.1,C,evidenced,The candidate tracked incident queues & service dashboards daily to spot delivery risks early (summarised),-1,-1,,false,,0.9,R2_quote_not_found,requirement,0,action,,,,missing,2026-10-01T10:00:00+07:00
RUN-20261001100000-a3fabeef,REQ-R19-4.A.4.b.4,C,evidenced,"Directed 5 system analysts, 10 developers and 3 QA engineers, running quarterly performance reviews and training needs analysis.",1568,1696,normalized,true,0.1429,0.9,R3a_low_overlap|R3b_supports,requirement,0,result,semantic,A,supports,evidenced,2026-10-01T10:00:00+07:00
RUN-20261001100000-a3fabeef,REQ-R19-2.C.1.e,C,evidenced,Hosted fortnightly customer advisory sessions to collect feedback and reprioritise features.,1699,1791,normalized,true,0.1111,0.9,R3a_low_overlap|R3b_supports,requirement,0,action,semantic,A,supports,evidenced,2026-10-01T10:00:00+07:00
RUN-20261001100000-a3fabeef,REQ-R19-4.A.4.a.7,C,evidenced,"Negotiated change requests and payment milestones with three vendors, keeping the programme within contract value.",1794,1908,normalized,true,1,0.9,R3_alias_hit,requirement,0,action,lexical,,,evidenced,2026-10-01T10:00:00+07:00
RUN-20261001100000-a3fabeef,REQ-R19-2.C.3.a,C,partially,"Tools: Jira, Confluence, Microsoft Project, SQL, Excel",1911,1965,normalized,true,0,0.6,R3a_low_overlap|R3b_partial,requirement,0,tool_list,semantic,A,partially_supports,partially,2026-10-01T10:00:00+07:00
RUN-20261001100000-a3fabeef,REQ-R19-4.A.3.b.6,C,evidenced,Wrote SRS documents and kept a requirements traceability matrix for every release.,1968,2050,normalized,true,0.2222,0.9,,requirement,0,action,lexical,,,evidenced,2026-10-01T10:00:00+07:00
RUN-20261001100000-a3fabeef,REQ-R19-4.A.2.a.4,C,evidenced,Built a demand forecasting dashboard with SQL that reduced forecast error from 35% to 9% for 120 branches.,2053,2159,normalized,true,0,0.9,R3a_low_overlap|R3b_supports,requirement,0,result,semantic,A,supports,evidenced,2026-10-01T10:00:00+07:00
RUN-20261001100000-a3fabeef,REQ-R19-4.A.2.a.2,C,evidenced,Integrated SAP Business One with the e-procurement platform through a nightly reconciliation job.,882,979,normalized,true,0,0.9,R3a_low_overlap|R3b_supports,requirement,0,action,semantic,A,supports,evidenced,2026-10-01T10:00:00+07:00
RUN-20261001100000-a3fabeef,REQ-R19-4.A.4.a.3,C,evidenced,Acted as the single point of contact between client stakeholders and engineering across 5 regulated industries.,1369,1480,normalized,true,0.2,0.9,,requirement,0,result,lexical,,,evidenced,2026-10-01T10:00:00+07:00
RUN-20261001100000-a3fabeef,REQ-R19-2.A.2.a,C,evidenced,Facilitated root cause analysis sessions after production incidents and tracked corrective actions to closure.,2162,2272,normalized,true,1,0.9,R3_alias_hit,requirement,0,action,lexical,,,evidenced,2026-10-01T10:00:00+07:00
RUN-20261001100000-a3fabeef,REQ-R19-4.A.1.a.2,C,evidenced,Tracked incident queues and service dashboards daily to spot delivery risks early.,1483,1565,normalized,true,0,0.9,R3a_low_overlap|R3b_supports,requirement,0,action,semantic,A,supports,evidenced,2026-10-01T10:00:00+07:00
RUN-20261001100000-a3fabeef,REQ-R19-2.A.1.a,C,partially,Wrote SRS documents and kept a requirements traceability matrix for every release.,1968,2050,normalized,true,0.2222,0.6,,requirement,0,action,lexical,,,partially,2026-10-01T10:00:00+07:00
RUN-20261001100000-a3fabeef,REQ-R19-2.A.1.b,C,evidenced,Ran requirement elicitation workshops with 40 business users and turned ambiguous requests into signed-off specifications.,633,755,normalized,true,1,0.9,R3_alias_hit,requirement,0,result,lexical,,,evidenced,2026-10-01T10:00:00+07:00
RUN-20261001100000-a3fabeef,REQ-R19-2.B.1.b,C,evidenced,Cut purchase-order cycle time from 30 days to 9 by redesigning the requisition-to-payment process with finance and warehouse leads.,378,509,normalized,true,0,0.9,R3a_low_overlap|R3b_supports,requirement,0,result,semantic,A,supports,evidenced,2026-10-01T10:00:00+07:00
RUN-20261001100000-a3fabeef,REQ-R19-2.B.5.a,C,partially,Delivered a THB 8M e-procurement platform for a retail group one month ahead of go-live at 22% under the agreed delivery budget.,1134,1262,normalized,true,0.1111,0.6,R3a_low_overlap|R3b_partial,requirement,0,result,semantic,A,partially_supports,partially,2026-10-01T10:00:00+07:00
RUN-20261001100000-a3fabeef,REQ-R19-2.B.5.d,C,evidenced,"Directed 5 system analysts, 10 developers and 3 QA engineers, running quarterly performance reviews and training needs analysis.",1568,1696,normalized,true,0.1429,0.9,R3a_low_overlap|R3b_supports,requirement,0,result,semantic,A,supports,evidenced,2026-10-01T10:00:00+07:00
RUN-20261001100000-a3fabeef,TASK-R19-16169,C,evidenced,Delivered a THB 8M e-procurement platform for a retail group one month ahead of go-live at 22% under the agreed delivery budget.,1134,1262,normalized,true,0.0556,0.85,R3a_low_overlap|R3b_supports,task,0,,semantic,A,supports,evidenced,2026-10-01T10:00:00+07:00
RUN-20261001100000-a3fabeef,TASK-R19-16154,C,evidenced,Facilitated root cause analysis sessions after production incidents and tracked corrective actions to closure.,2162,2272,normalized,true,0,0.85,R3a_low_overlap|R3b_supports,task,0,,semantic,A,supports,evidenced,2026-10-01T10:00:00+07:00
RUN-20261001100000-a3fabeef,TASK-R19-16157,C,evidenced,"Ran the Agile delivery cycle for 4 concurrent client projects, owning the backlog, sprint cadence and release milestones.",758,879,normalized,true,0.1538,0.85,,task,0,,lexical,,,evidenced,2026-10-01T10:00:00+07:00
RUN-20261001100000-a3fabeef,TASK-R19-16152,C,evidenced,Set up UAT sign-off checklists so every deliverable met the agreed acceptance criteria before release.,2275,2377,normalized,true,0.0625,0.85,R3a_low_overlap|R3b_supports,task,0,,semantic,A,supports,evidenced,2026-10-01T10:00:00+07:00
RUN-20261001100000-a3fabeef,TASK-R19-16155,C,evidenced,Hosted fortnightly customer advisory sessions to collect feedback and reprioritise features.,1699,1791,normalized,true,0.1111,0.85,R3a_low_overlap|R3b_supports,task,0,,semantic,A,supports,evidenced,2026-10-01T10:00:00+07:00
RUN-20261001100000-a3fabeef,TASK-R19-16159,C,evidenced,"Presented weekly status, risks and budget variance to the steering committee and escalated scope changes for approval.",512,630,normalized,true,0,0.85,R3a_low_overlap|R3b_supports,task,0,,semantic,A,supports,evidenced,2026-10-01T10:00:00+07:00
RUN-20261001100000-a3fabeef,TASK-R19-16156,C,partially,"Presented weekly status, risks and budget variance to the steering committee and escalated scope changes for approval.",512,630,normalized,true,0,0.85,R3a_low_overlap|R3b_partial,task,0,,semantic,A,partially_supports,partially,2026-10-01T10:00:00+07:00
RUN-20261001100000-a3fabeef,TASK-R19-16163,C,evidenced,"Directed 5 system analysts, 10 developers and 3 QA engineers, running quarterly performance reviews and training needs analysis.",1568,1696,normalized,true,0.0714,0.85,R3a_low_overlap|R3b_supports,task,0,,semantic,A,supports,evidenced,2026-10-01T10:00:00+07:00
