key,url,hours,hours_note,evidence
N01,https://www.coursera.org/learn/problem-solving,8,8 hours to complete; modules 2+2+2+2,8 hours to complete; modules 2+2+2+2 · เปิดรับสมัคร yes · free-enroll · ความมั่นใจ high
N02,https://www.coursera.org/learn/creative-thinking-techniques-and-tools-for-success,19,2 weeks at 10 hours a week; 7 modules 3+3+3+4+3+1+2=19 (summary said approx 17),2 weeks at 10 hours a week; 7 modules 3+3+3+4+3+1+2=19 (summary said approx 17) · เปิดรับสมัคร yes · free-enroll · ความมั่นใจ low
N03,https://www.coursera.org/learn/uva-darden-designbiz,7,6 hours to complete; modules 1+1+1+1+3=7,6 hours to complete; modules 1+1+1+1+3=7 · เปิดรับสมัคร yes · yes (free to audit) · ความมั่นใจ low
N04,https://www.coursera.org/learn/systems-thinking-basics,2,2 hours to complete; 1 module 2 hours,2 hours to complete; 1 module 2 hours · เปิดรับสมัคร yes · free-enroll · ความมั่นใจ high
N05,https://www.coursera.org/learn/introduction-to-systems-architecture,13,1 week to complete at 10 hours a week; 5 modules approx 13 hours,1 week to complete at 10 hours a week; 5 modules approx 13 hours · เปิดรับสมัคร yes · yes (free to audit) · ความมั่นใจ medium
N06,https://www.coursera.org/learn/datasciencemathskills,13,1 week at 10 hours a week; modules 4+3+3+3=13,1 week at 10 hours a week; modules 4+3+3+3=13 · เปิดรับสมัคร yes · free-enroll · ความมั่นใจ high
N07,https://www.coursera.org/learn/quality-improvement-and-management,11,1 week at 10 hours a week; modules 4+4+3=11,1 week at 10 hours a week; modules 4+4+3=11 · เปิดรับสมัคร yes · free-enroll · ความมั่นใจ medium
N08,https://www.coursera.org/learn/technical-writing-introduction,12,1 week at 10 hours a week; 4 modules approx 3 hours each (12),1 week at 10 hours a week; 4 modules approx 3 hours each (12) · เปิดรับสมัคร yes · free-enroll · ความมั่นใจ medium
N09,https://www.coursera.org/learn/computer-networking,23,2 weeks at 10 hours a week; modules 4+3+5+4+4+3=23 hours,2 weeks at 10 hours a week; modules 4+3+5+4+4+3=23 hours · เปิดรับสมัคร yes · free-enroll · ความมั่นใจ medium
N10,https://www.coursera.org/learn/technical-support-fundamentals,20,2 weeks at 10 hours a week; modules 3+4+5+2+4+2=20,2 weeks at 10 hours a week; modules 3+4+5+2+4+2=20 · เปิดรับสมัคร yes · free-enroll · ความมั่นใจ high
N11,https://www.coursera.org/learn/python,17,2 weeks at 10 hours a week; modules 1+2+2+4+3+2+3=17,2 weeks at 10 hours a week; modules 1+2+2+4+3+2+3=17 · เปิดรับสมัคร yes · free-enroll · ความมั่นใจ high
N12,https://www.coursera.org/learn/introduction-to-software-engineering,15,2 weeks at 10 hours a week; 6 modules approx 15 hours,2 weeks at 10 hours a week; 6 modules approx 15 hours · เปิดรับสมัคร yes · free-enroll · ความมั่นใจ medium
N13,https://www.coursera.org/learn/project-management-foundations,12,1 week at 10 hours a week; modules 2+4+3+3=12,1 week at 10 hours a week; modules 2+4+3+3=12 · เปิดรับสมัคร yes · free-enroll · ความมั่นใจ high
N14,https://www.coursera.org/learn/introduction-to-relational-databases,17,2 weeks at 10 hours a week; modules 3+5+3+6=17,2 weeks at 10 hours a week; modules 3+5+3+6=17 · เปิดรับสมัคร yes · yes (free to audit) · ความมั่นใจ high
