domain,element_id,element_name,n_aliases,element_aliases
Essential Skills,2.A.1.a,Reading Comprehension,9,reading comprehension|read documentation|technical documentation|specification|requirements document|read specs|rfc|reviewed documents|documentation review
Essential Skills,2.A.1.b,Active Listening,8,active listening|stakeholder interview|requirements gathering|gathered requirements|user interview|listened to stakeholders|elicitation|client meeting
Essential Skills,2.A.1.c,Writing,11,writing|technical writing|wrote documentation|authored|report writing|documented|runbook|user guide|published|white paper|readme
Essential Skills,2.A.1.d,Speaking,10,speaking|presented|presentation|demo|briefing|spoke at|public speaking|stand-up|knowledge sharing session|pitched
Essential Skills,2.A.1.e,Mathematics,9,mathematics|applied mathematics|statistics|statistical|linear algebra|calculus|numerical methods|quantitative analysis|probability
Essential Skills,2.A.2.a,Critical Thinking,8,critical thinking|root cause analysis|evaluated alternatives|trade-off analysis|assessed options|analytical reasoning|weighed pros and cons|design review
Essential Skills,2.A.2.b,Active Learning,9,active learning|self-taught|learned|upskilled|certification|completed course|continuous learning|kept up to date|new technology adoption
Essential Skills,2.A.2.d,Monitoring,9,monitoring|monitored|observability|tracked performance|kpi tracking|dashboard monitoring|alerting|health check|performance monitoring
Knowledge,2.C.1.a,Administration and Management,9,administration and management|project management|strategic planning|resource planning|business operations|budgeting|governance|leadership|pmp
Knowledge,2.C.1.e,Customer and Personal Service,9,customer and personal service|customer service|client support|service desk|user support|customer requirements|sla|stakeholder management|end-user
Knowledge,2.C.3.a,Computers and Electronics,11,computers and electronics|computer systems|hardware|software|operating system|linux|windows|server|application|programming|computer science
Knowledge,2.C.3.b,Engineering and Technology,7,engineering and technology|engineering|technical design|applied technology|system engineering|technology stack|technical architecture
Knowledge,2.C.3.c,Design,10,design|ui design|ux design|interface design|design principles|wireframe|prototype|figma|blueprint|technical drawing
Knowledge,2.C.4.a,Mathematics,8,mathematics|statistics|algebra|calculus|probability|statistical modeling|numerical analysis|quantitative
Knowledge,2.C.7.a,English Language,9,english language|english|technical english|business english|toeic|ielts|english proficiency|wrote in english|english communication
Knowledge,2.C.8.b,Law and Government,10,law and government|regulation|compliance|legal|policy|gdpr|pdpa|regulatory requirements|chain of custody|legislation
Knowledge,2.C.9.a,Telecommunications,12,telecommunications|networking|network|tcp/ip|routing|switching|bgp|vpn|firewall|lan|wan|dns
Transferable Skills,2.B.1.b,Coordination,8,coordination|coordinated|cross-functional|liaised|aligned teams|worked with teams|stakeholder coordination|scrum ceremonies
Transferable Skills,2.B.2.i,Complex Problem Solving,9,complex problem solving|solved|resolved|troubleshooting complex issues|debugged|incident resolution|root cause|postmortem|problem solving
Transferable Skills,2.B.3.a,Operations Analysis,7,operations analysis|requirements analysis|needs analysis|business requirements|gap analysis|feasibility study|as-is to-be analysis
Transferable Skills,2.B.3.b,Technology Design,9,technology design|system design|solution design|architecture design|designed system|technical design document|prototype|hld|lld
Transferable Skills,2.B.3.e,Programming,16,programming|coding|software development|developed|implemented|wrote code|python|java|javascript|typescript|c#|go|sql|scripting|api development|refactored
Transferable Skills,2.B.3.g,Operations Monitoring,7,operations monitoring|system monitoring|watched dashboards|observed system behavior|uptime monitoring|log monitoring|noc
Transferable Skills,2.B.3.k,Troubleshooting,8,troubleshooting|debugging|diagnosed|fault isolation|incident triage|fixed defects|resolved outage|root cause analysis
Transferable Skills,2.B.3.m,Quality Control Analysis,10,quality control analysis|quality assurance|qa|testing|test case|code review|inspection|defect analysis|validation|verification
Transferable Skills,2.B.4.e,Judgment and Decision Making,8,judgment and decision making|decision making|prioritized|selected approach|made trade-offs|chose technology|approved|recommended
Transferable Skills,2.B.4.g,Systems Analysis,8,systems analysis|system analysis|analyzed system|impact analysis|data flow|process modeling|how the system works|dependency analysis
Transferable Skills,2.B.4.h,Systems Evaluation,8,systems evaluation|performance evaluation|benchmarking|measured system performance|capacity assessment|evaluated system|slo|sla review
Transferable Skills,2.B.5.a,Time Management,7,time management|met deadlines|on schedule|sprint planning|prioritized workload|delivered on time|timeboxed
Transferable Skills,2.B.5.d,Management of Personnel Resources,8,management of personnel resources|team management|managed team|staffing|resource allocation|assigned work|people management|led team of
Work Activities,4.A.1.a.1,Getting Information,9,getting information|gathered information|collected data|research|investigated|read documents|gathered requirements|data collection|log collection
Work Activities,4.A.1.a.2,"Monitoring Processes, Materials, or Surroundings",8,monitoring processes|monitored operations|monitored systems|monitored equipment|observability|alerting|monitor operation of computer or information technologies|compliance monitoring
Work Activities,4.A.1.b.1,"Identifying Objects, Actions, and Events",8,identifying objects actions and events|identified issues|detected|recognized patterns|classified|identified opportunities|anomaly detection|event identification
Work Activities,4.A.1.b.2,"Inspecting Equipment, Structures, or Materials",7,inspecting equipment structures or materials|inspection|tested performance of computer or information systems|hardware inspection|equipment check|system test|audit of equipment
Work Activities,4.A.1.b.3,"Estimating the Quantifiable Characteristics of Products, Events, or Information",8,estimating quantifiable characteristics|estimation|estimated effort|story points|sizing|cost estimation|capacity estimate|measured
Work Activities,4.A.2.a.1,"Judging the Qualities of Objects, Services, or People",7,judging the qualities|evaluated performance|assessed quality|vendor evaluation|evaluated the characteristics usefulness or performance of products or technologies|feasibility assessment|tool selection
Work Activities,4.A.2.a.2,Processing Information,9,processing information|data processing|etl|data cleaning|compiled records|aggregated data|transformed data|reconciled data|validated data quality
Work Activities,4.A.2.a.3,Evaluating Information to Determine Compliance with Standards,7,evaluating information to determine compliance with standards|compliance check|audit|standards compliance|policy compliance|examined documentation for accuracy or compliance|conformance review
Work Activities,4.A.2.a.4,Analyzing Data or Information,9,analyzing data or information|data analysis|analyzed|analytics|analyzed performance of systems or equipment|analyzed data to improve operations|statistical analysis|log analysis|reporting
Work Activities,4.A.2.b.1,Making Decisions and Solving Problems,7,making decisions and solving problems|decision making|problem solving|diagnose system or equipment problems|determined operational methods or procedures|resolved|selected
Work Activities,4.A.2.b.2,Thinking Creatively,9,thinking creatively|design computer or information systems or applications|design databases|designed|developed new approach|innovation|created solution|proposed design|prototyping
Work Activities,4.A.2.b.3,Updating and Using Relevant Knowledge,7,updating and using relevant knowledge|maintain current knowledge in area of expertise|kept up to date|continuous learning|certification|training attended|research new technology
Work Activities,4.A.2.b.4,Developing Objectives and Strategies,8,developing objectives and strategies|roadmap|strategy|develop organizational policies systems or processes|defined objectives|technical strategy|okr|planning
Work Activities,4.A.2.b.5,Scheduling Work and Activities,8,scheduling work and activities|scheduling|sprint schedule|release schedule|planned activities|calendar|timeline planning|job scheduling
Work Activities,4.A.2.b.6,"Organizing, Planning, and Prioritizing Work",8,organizing planning and prioritizing work|planning|prioritization|backlog grooming|work planning|organized tasks|sprint planning|project planning
Work Activities,4.A.3.b.1,Working with Computers,10,working with computers|program computer systems|implement security measures for computer or information systems|set up computer systems networks or other information systems|resolve computer problems|operate computer systems|process digital or online data|coding|deployment|configuration
Work Activities,4.A.3.b.5,Repairing and Maintaining Electronic Equipment,7,repairing and maintaining electronic equipment|hardware maintenance|maintain electronic computer or other technical equipment|repaired|replaced hardware|device maintenance|patching
Work Activities,4.A.3.b.6,Documenting/Recording Information,10,documenting recording information|documentation|document technical designs procedures or activities|prepare reports of operational or procedural activities|maintain operational records|wrote report|logged|recorded|runbook|ticket notes
Work Activities,4.A.4.a.1,Interpreting the Meaning of Information for Others,7,interpreting the meaning of information for others|explain technical details of products or services|explained|translated technical to business|briefed stakeholders|presented findings|explain regulations policies or procedures
Work Activities,4.A.4.a.2,"Communicating with Supervisors, Peers, or Subordinates",7,communicating with supervisors peers or subordinates|team communication|communicate with others about specifications or project details|reported to manager|stand-up|collaborated with team|internal communication
Work Activities,4.A.4.a.3,Communicating with People Outside the Organization,6,communicating with people outside the organization|client communication|vendor communication|external stakeholders|provide information or assistance to the public|customer meeting
Work Activities,4.A.4.a.4,Establishing and Maintaining Interpersonal Relationships,7,establishing and maintaining interpersonal relationships|develop professional relationships or networks|built relationships|stakeholder relationship|networking|teamwork|cross-team collaboration
Work Activities,4.A.4.a.7,Resolving Conflicts and Negotiating with Others,7,resolving conflicts and negotiating with others|negotiate contracts or agreements|conflict resolution|mediated|negotiated|resolve personnel or operational problems|vendor negotiation
Work Activities,4.A.4.b.1,Coordinating the Work and Activities of Others,6,coordinating the work and activities of others|coordinate with others to resolve problems|assign work to others|coordinated team|task assignment|cross-functional coordination
Work Activities,4.A.4.b.2,Developing and Building Teams,7,developing and building teams|team building|provide support or encouragement to others|mentored team|onboarded new members|built the team|hiring
Work Activities,4.A.4.b.3,Training and Teaching Others,8,training and teaching others|train others on operational or work procedures|training|taught|workshop|onboarding training|knowledge transfer|internal training session
Work Activities,4.A.4.b.4,"Guiding, Directing, and Motivating Subordinates",7,guiding directing and motivating subordinates|direct organizational operations activities or procedures|supervise personnel activities|supervised|led|managed direct reports|team lead
Work Activities,4.A.4.b.5,Coaching and Developing Others,8,coaching and developing others|coach others|mentoring|mentored|coached|career development|1:1 coaching|peer coaching
Work Activities,4.A.4.b.6,Providing Consultation and Advice to Others,7,providing consultation and advice to others|advise others on the design or use of technologies|advise others on business or operational matters|consulting|advised|technical consultation|recommendation to stakeholders
Work Activities,4.A.4.c.1,Performing Administrative Activities,7,performing administrative activities|administrative|perform administrative or clerical activities|issue documentation|record keeping|reporting administration|asset register
Work Activities,4.A.4.c.3,Monitoring and Controlling Resources,8,monitoring and controlling resources|monitor resources or inventories|purchase goods or services|resource management|budget control|license management|capacity management|inventory
