match_title,match_provider,new_title,new_provider,new_exam_code,new_url,group,effective,confidence,note_th,new_platform,new_hours
Palo Alto Networks Certified Network Security Engineer (PCNSE),Palo Alto Networks,Palo Alto Networks Certified Next-Generation Firewall Engineer,,NGFW Engineer,,ก,PCNSE ยกเลิก 2568-07-31,medium,รหัสข้อสอบใหม่ยังไม่ยืนยัน แหล่งเป็นบล็อกชุมชนของผู้ออก · เนื้อหาเปลี่ยน ต้องตรวจ L1 ใหม่,,
SAFe 6 Agilist (Leading SAFe),"Scaled Agile, Inc.",Certified AI-Empowered SAFe Agilist,,SAFe AI-Empowered Agilist,,ก,ออก 2569-02-24,medium,อ้างหน้า FAQ ของ Scaled Agile · หน้าผลิตภัณฑ์ไม่ได้เปิด,,
AWS Certified SysOps Administrator – Associate,Amazon Web Services,AWS Certified CloudOps Engineer – Associate,,SOA-C03,,ก,SOA-C02 สอบวันสุดท้าย 2568-09-29,high,บล็อกทางการของ AWS,,
ITIL 4 Foundation,PeopleCert (AXELOS),ITIL Foundation (Version 5),,ITIL Foundation V5,https://www.peoplecert.org/browse-certifications/it-governance-and-service-management/ITIL-1,ก,V5 เปิด ก.พ. 2569 · ITIL 4 ทุกโมดูลยุติ 2570-12-31,medium,วันเปิดข้อสอบ V5 ที่แน่นอนยังไม่พบ · ยุติ ITIL 4 จาก itil.com,,
ITIL 4 Foundation Training,PeopleCert (AXELOS),ITIL Foundation (Version 5) Training,,,,ก,เช่นเดียวกับ ITIL Foundation V5,medium,ชื่อหลักสูตรตามข้อสอบ V5 ไม่ได้เปิดหน้าหลักสูตรเฉพาะ,,
ITIL 4 Managing Professional,PeopleCert (AXELOS),ITIL Managing Professional (Version 5),,ITIL MP V5,https://www.peoplecert.org/browse-certifications/it-governance-and-service-management/ITIL-1/itil-managing-professional-transition-version-5-4227,ก,เปิดแล้ว (เส้นทาง MPT สำหรับผู้ถือ ITIL 4),high,ผู้ถือ ITIL 4 MP เปลี่ยนผ่านด้วยเส้นทาง MPT,,
Tableau Desktop Specialist,Tableau (Salesforce),Salesforce Certified Tableau Desktop Foundations,,Tableau Desktop Foundations,https://trailheadacademy.salesforce.com/certificate/exam-tableau-desktop-found---Analytics-101,ก,ใช้ชื่อใหม่แล้ว,medium,URL เดิม redirect ไป Trailhead Academy,,
A4Q Selenium Tester Foundation,Alliance for Qualification (A4Q),A4Q Certified Selenium 4 Tester Foundation v3.0,,CSeT-4F,https://isqi.org/A4Q-Certified-Selenium-4-Tester-Foundation-v3.0/CSeT-4F,ก,v3.0 สอบทางไกลเท่านั้นตั้งแต่ 2568-02-03,medium,อ่านหน้า iSQI,,
ISTQB Certified Tester Advanced Level – Test Automation Engineer (CT-TAE),ISTQB,ISTQB Certified Tester Advanced Level – Test Automation Engineering (CTAL-TAE v2.0),,CTAL-TAE v2.0,https://istqb.org/certifications/certified-tester-advanced-level-test-automation-engineering-ctal-tae-v2-0/,ก,syllabus v2.0 ประกาศ 2567-11-08,medium,วันยุติ v1.0 ไม่ระบุในหน้า,,
SAS Certified Data Scientist,SAS Institute,,,,,ก,ข้อสอบเดิมยุติ 2568-06-30,low,เส้นทางใหม่ยังยืนยันไม่ได้ ตั้งสถานะรอตรวจ,,
Fortinet Certified Professional – Network Security,Fortinet,Fortinet NSE 4 – FortiOS 7.6 Administrator (FCP in Secure Networking),,NSE4_FGT_AD-7.6,,ก,โปรแกรม NSE ปรับ 2569-07-15 (แหล่งรอง),low,หน้าทางการยังแสดง NSE 4 FortiOS Administrator · ความมั่นใจต่ำ ผู้วิจัยควรตรวจ,,
AWS Certified Security – Specialty,Amazon Web Services,,,SCS-C03,,ข,SCS-C02 ถึง 2568-12-01,high,หน้าใบรับรอง AWS แสดง SCS-C03,,
Microsoft Certified: Azure AI Apps and Agents Developer Associate,Microsoft,,,AI-103,,ข,AI-102 เลิก 2569-06-30,low,อ้างบล็อกรอง ยังไม่ได้เปิดหน้า Microsoft Learn · สถานะ GA ยืนยันไม่ได้,,
HashiCorp Certified: Terraform Associate,HashiCorp,HashiCorp Certified: Terraform Associate (004),,TA-004,,ข,004 เริ่ม 2569-01-08,medium,อ้างข่าวรอง,,
GitHub Foundations,GitHub,,,GH-900,https://learn.microsoft.com/en-us/credentials/certifications/github-foundations,ข,ไม่เปลี่ยน,high,สอบผ่าน Microsoft Learn,,
Juniper Networks Certified Associate – Junos (JNCIA-Junos),Juniper Networks,,,JN0-106,https://www.juniper.net/us/en/training/certification/tracks/junos/jncia-junos.html,ข,JN0-105 เลิก 2569-04-05,low,อ้างแหล่งรอง,,
HPE Aruba Networking Certified Associate – Switching,HPE Aruba Networking,,,HPE6-A86,https://certification-learning.hpe.com/tr/datacard/exam/HPE6-A86,ข,,medium,ชื่อจากหัวผลค้นหา หน้าข้อสอบไม่แสดงเนื้อหา,,
OffSec Certified Professional (OSCP),OffSec,OffSec Certified Professional+ (OSCP+),,OSCP+,https://www.offsec.com/courses/pen-200/,ข,OSCP+ ตั้งแต่ พ.ย. 2567,medium,ต้องต่ออายุทุก 3 ปี,,
EC-Council Certified Ethical Hacker (CEH),EC-Council,Certified Ethical Hacker (CEH) v13,,312-50 (v13),https://www.eccouncil.org/train-certify/certified-ethical-hacker-ceh/,ข,v13 ปัจจุบัน,medium,,,
Cellebrite Certified Operator (CCO),Cellebrite,Cellebrite Certified Operator (CCO) for Inseyets,,,,ข,,medium,,,
Blue Team Level 1 (BTL1),Security Blue Team,,Centri (เดิม Security Blue Team),BTL1,https://www.centri.org/certifications/blue-team-level-1,ข,เปลี่ยนชื่อผู้ให้บริการ 2569-06-01,high,ชื่อใบรับรองไม่เปลี่ยน,,
PRINCE2 Foundation,PeopleCert (AXELOS),PRINCE2 Foundation (Version 7),,PRINCE2 7 Foundation,,ข,ฉบับ 6 สอบครั้งสุดท้าย 2567-12-31,high,,,
PRINCE2 Practitioner,PeopleCert (AXELOS),PRINCE2 Practitioner (Version 7),,PRINCE2 7 Practitioner,,ข,ฉบับ 6 สอบครั้งสุดท้าย 2567-12-31,high,,,
PRINCE2 Foundation Training,PeopleCert (AXELOS),PRINCE2 Foundation Training (Version 7),,,,ข,,medium,,,
TOGAF Enterprise Architecture Practitioner,The Open Group,"TOGAF Enterprise Architecture Practitioner (TOGAF Standard, 10th Edition)",,,https://www.opengroup.org/certifications/togaf-certification-portfolio,ข,,medium,รหัสข้อสอบยังไม่ยืนยัน,,
Tableau Certified Data Analyst,Tableau (Salesforce),Salesforce Certified Tableau Data Analyst,Salesforce (Tableau),Tableau Data Analyst,https://trailheadacademy.salesforce.com/certificate/exam-tableau-data-analyst---Analytics-DA-201,ข,ใช้ชื่อใหม่แล้ว,medium,,,
SnowPro Core Certification,Snowflake,,,COF-C03,,ข,COF-C03 เปิด 2569-02-16 · COF-C02 เลิก 2569-05-14,low,แหล่งรอง ยังไม่ได้เปิดหน้า Snowflake,,
EDB Essentials for PostgreSQL Certification,EnterpriseDB,EDB Essentials for PostgreSQL Certification (v16),,PostgreSQL Essentials v16,https://www.enterprisedb.com/training/certification-exams,ข,แคตตาล็อกมี v18 v16 v14,medium,,,
Astronomer Certification: Apache Airflow Fundamentals,Astronomer,Astronomer Certification: Apache Airflow 3 Fundamentals,,Airflow 3 Fundamentals,https://academy.astronomer.io/certification-exam-apache-airflow-3-fundamentals,ข,,high,,,
dbt Analytics Engineering Certification Exam,dbt Labs,dbt Analytics Engineering Certification Exam (dbt 1.11),,,https://www.getdbt.com/certifications/analytics-engineer-certification-exam,ข,,high,,,
Qlik Sense Business Analyst Certification,Qlik,Qlik Sense Business Analyst Certification Exam,,,https://learning.qlik.com/student/page/2161175-qlik-sense-business-analyst-certification-exam-details,ข,,high,,,
PCPP1 – Certified Professional in Python Programming 1,Python Institute,,,PCPP-32-101,https://pythoninstitute.org/pcpp1,ข,PCPP-32-102 อยู่ระหว่างพัฒนา,high,,,
IIBA Certification in Business Data Analytics (CBDA),International Institute of Business Analysis,,,IIBA-CBDA,https://www.iiba.org/business-analysis-membership/partner-program/business-data-analytics/,ข,,high,,,
IxDF UX Designer Certification,Interaction Design Foundation,,,IxDF Course Certificate,,ข,,high,ใบรับรองรายคอร์ส เกณฑ์ผ่านร้อยละ 70 ไม่ใช่ข้อสอบรับรอง,,
AWS Certified Machine Learning Engineer – Associate,Amazon Web Services,,,MLA-C02,,ข,MLA-C01 ภาษาอังกฤษสอบวันสุดท้าย 2569-09-28 · MLA-C02 beta ตั้งแต่ 2569-09-01,high,C02 อยู่ในสถานะ beta คาด GA ปี 2570,,
Red Hat Certified Engineer (RHCE),Red Hat,,,EX294,https://www.redhat.com/en/services/certification/red-hat-certified-engineer-in-enterprise-linux,ข,,medium,สองแหล่งให้ชื่อต่างกัน หน้าผู้ออกเรียก EX294 ว่า Red Hat Certified Engineer (RHCE) ในสาย Ansible · ผู้วิจัยควรตรวจ,,
IAPP Artificial Intelligence Governance Professional (AIGP),IAPP,,IAPP,AIGP,,ข,,medium,รวมชื่อผู้ให้บริการเป็น IAPP,,
IAPP Artificial Intelligence Governance Professional (AIGP),International Association of Privacy Professionals,,IAPP,AIGP,https://iapp.org/certify/aigp,ข,,medium,รวมชื่อผู้ให้บริการเป็น IAPP,,
CompTIA DataSys+,CompTIA,CompTIA DataSys+ V2,,DS0-002,https://www.comptia.org/en-us/certifications/datasys/v2/,ค,DS0-002 เปิด 2569-10-13,high,ใช้รุ่นใหม่เพราะมีผลก่อน 30 พ.ย. 2569 (DEC-62),,
Microsoft Certified: Power Platform Developer Associate,Microsoft,,,AB-400,,ค,AB-400 ตั้งแต่ 2569-10-16 · PL-400 วันสุดท้าย 2569-10-30,high,ชื่อใบรับรองเดิม รหัสข้อสอบเปลี่ยน,,
ISACA COBIT 2019 Foundation,ISACA,ISACA COBIT 7 Foundations Certificate,,,https://www.isaca.org/credentialing/cobit-foundation,ค,เปิด 2569-10-27 · รุ่น 2019 ยุติ 2570-04-26,high,,,
AWS Certified Solutions Architect – Professional,Amazon Web Services,,,SAP-C03,https://aws.amazon.com/certification/certified-solutions-architect-professional/,ค,SAP-C03 GA 2569-11-17 · SAP-C02 เลิก 2569-11-16,high,ใช้รุ่นใหม่เพราะมีผลก่อน 30 พ.ย. 2569 (DEC-62),,
ISACA Certified Information Security Manager (CISM),ISACA,,,CISM,,ค,outline ใหม่ 2569-11-03,high,ชื่อและรหัสเดิม เนื้อหาตาม outline ใหม่,,
CompTIA Security+,CompTIA,,,SY0-701,,ค,SY0-801 คาดเปิด 2569-11-17 (ชั่วคราว),medium,คงรุ่น SY0-701 เพราะวันเปิดรุ่นใหม่ยังไม่ยืนยัน SY0-701 สอบได้ถึง 2570-06-11 (แหล่งรอง),,
AWS Certified Developer – Associate,Amazon Web Services,,,DVA-C02,,ค,DVA-C03 GA 2569-12-01 · DVA-C02 เลิก 2569-11-30,high,คงรุ่นเดิม เพราะมีผลหลัง 30 พ.ย. 2569 (DEC-62) เปลี่ยนเมื่อมีผล,,
Cisco Certified Network Associate (CCNA),Cisco,,,200-301,,ค,v2.0 ตั้งแต่ 2570-02-03,low,คงรุ่น v1.1 เพราะมีผลหลังช่วงเก็บข้อมูล · แหล่งรอง,,
ISTQB Certified Tester Foundation Level – Agile Tester,ISTQB,,,CTFL-AT,,ค,สอบครั้งสุดท้าย 2570-05-06 (อังกฤษ),high,ยุติ ใช้ CTFL v4.0 หรือ CTAL-AT v2.0 แทน,,
PMI Project Management Professional (PMP),Project Management Institute,,,,,ง,,,ข้อสอบตาม ECO 2026 ตั้งแต่ ก.ค. 2569 (Business Environment ร้อยละ 26),,
IIBA Entry Certificate in Business Analysis (ECBA),International Institute of Business Analysis,,,,,ง,,,รูปแบบข้อสอบใหม่ตั้งแต่ 2568-07-21,,
ISC2 Certified Cloud Security Professional (CCSP),ISC2,,,,,ง,,,outline ใหม่ 2569-08-01,,
ISC2 Certified in Cybersecurity (CC),ISC2,,,,,ง,,,outline ใหม่ 2569-09-01,,
ISC2 Systems Security Certified Practitioner (SSCP),ISC2,,,,,ง,,,ข้อสอบ CAT ตั้งแต่ 2568-10-01,,
eLearnSecurity Junior Penetration Tester (eJPT),INE Security,,,,,ง,,,ปรับเนื้อหา 2569-03-26,,
Microsoft Certified: Fabric Data Engineer Associate,Microsoft,,,,,ง,,,DP-700 ปรับเนื้อหา ต.ค. 2569,,
Microsoft Certified: Fabric Analytics Engineer Associate,Microsoft,,,,,ง,,,DP-600 ปรับเนื้อหา ต.ค. 2569,,
Microsoft Certified: Azure Database Administrator Associate,Microsoft,,,,,ง,,,DP-300 ปรับเนื้อหา ต.ค. 2569,,
Microsoft Certified: Security Operations Analyst Associate,Microsoft,,,,,ง,,,SC-200 ปรับเนื้อหา ต.ค. 2569,,
IBM Certified Database Administrator – Db2,IBM,,,,,จ,,low,ไม่พบชื่อรุ่นปัจจุบันชัดเจน (Db2 12 for z/OS หรือ Db2 LUW ผ่าน IDUG),,
Oracle Database Administration 2019 Certified Professional,Oracle,,,,,จ,,low,1Z0-083 ยังอยู่ในแคตตาล็อกแต่ไม่ระบุวันที่ อาจถูกแทนด้วย 1Z0-182,,
Tricentis Automation Specialist Level 1,Tricentis,,,,,จ,,low,คู่มือทางการเป็นฉบับ 2565 ที่เหลือเป็นแหล่งรอง,,
MongoDB Associate Developer,MongoDB,,,,,จ,,low,เลิกอ้างรหัส C100DEV ใช้ชื่อข้อสอบตามหน้า learn.mongodb.com,,
MongoDB Associate Database Administrator,MongoDB,,,,,จ,,low,เลิกอ้างรหัส C100DBA ใช้ชื่อข้อสอบตามหน้า learn.mongodb.com,,
Splunk Core Certified Power User,Splunk,,,,,จ,,low,ไม่พบหน้า Splunk ที่ยืนยันสถานะปัจจุบัน,,
FinOps Certified Practitioner,FinOps Foundation,,,,,จ,,low,หน้า finops.org ไม่ได้เปิด ยืนยันจากแหล่งรอง,,
IAAP Web Accessibility Specialist (WAS),International Association of Accessibility Professionals,,,,,จ,,low,ไม่พบหน้าเฉพาะของ WAS,,
Flutter Development Bootcamp / Build Native Mobile Apps with Flutter,Google,"Flutter and Dart: Developing iOS, Android, and Mobile Apps",IBM,,https://www.coursera.org/learn/flutter-and-dart-developing-ios-android-mobile-apps,ก,คอร์ส Udacity ไม่มีแล้ว,high,แทนคอร์ส Flutter บน Udacity ที่ปิด · ประมาณ 20 ชั่วโมง (2 สัปดาห์ x 10 ชั่วโมง) เรียนฟรีแบบ audit,Coursera,20
