key,title,provider,platform,source_url,estimated_hours,hours_note,cost_category,cost_amount_usd,elements,learning_outcomes_th,skills_taught,claude_checked_at,claude_page_evidence,researcher_result,researcher_checked_at,note
N01,Effective Problem-Solving and Decision-Making,"University of California, Irvine",Coursera,https://www.coursera.org/learn/problem-solving,8,หน้าคอร์สระบุ 8 hours to complete (4 โมดูล x 2 ชม.),free_audit,0,2.B.4.e|4.A.2.b.1|2.B.2.i,ระบุปัญหา สร้างทางเลือก ตัดสินใจ และประเมินผลการแก้ปัญหาในบริบทการทำงาน,Problem solving|Decision making|Judgment,2026-10-01,"title ตรง · Offered by University of California, Irvine · modules: Identify the Problem / Generate Solutions / Make the Decision / Implement and Assess",,,
N02,Creative Thinking: Techniques and Tools for Success,Imperial College London,Coursera,https://www.coursera.org/learn/creative-thinking-techniques-and-tools-for-success,20,หน้าคอร์สระบุ 2 weeks at 10 hours a week (รวมโมดูล 19 ชม.) ใช้ค่าที่มากกว่า,free_audit,0,4.A.2.b.2,ใช้เทคนิคความคิดสร้างสรรค์ เช่น morphological analysis TRIZ และ SCAMPER เพื่อสร้างแนวคิดใหม่,Creative thinking|TRIZ|SCAMPER,2026-10-01,title ตรง · Offered by Imperial College London · 7 modules (Creativity Tools / Thinking Styles / TRIZ / SCAMPER),,,
N03,Design Thinking for Innovation,University of Virginia,Coursera,https://www.coursera.org/learn/uva-darden-designbiz,7,หน้าคอร์สระบุ 6 hours to complete (รวมโมดูล 7 ชม.) ใช้ค่าที่มากกว่า,free_audit,0,4.A.2.b.2|2.B.3.b|2.B.3.a,ใช้กระบวนการ design thinking สำรวจความต้องการของผู้ใช้ สร้างแนวคิด และทดลองต้นแบบ,Design thinking|Idea generation|Experimentation,2026-10-01,URL เดิม uva-darden-design-thinking-innovation redirect มาที่ uva-darden-designbiz · title ตรง · Offered by University of Virginia,,,
N04,Systems Thinking Basics,Coursera,Coursera,https://www.coursera.org/learn/systems-thinking-basics,2,หน้าคอร์สระบุ 2 hours to complete (1 โมดูล),free_audit,0,2.B.4.g|2.B.4.h,วิเคราะห์ระบบที่ซับซ้อนด้วยการระบุองค์ประกอบ ความเชื่อมโยง และวงจรป้อนกลับ,Systems thinking|Complex problem solving,2026-10-01,title ตรง · Offered by Coursera · What you'll learn: analyze complex systems / feedback loops,,,ผู้ให้บริการเป็น Coursera (instructor network) ให้ผู้วิจัยพิจารณาความน่าเชื่อถือ
N05,Introduction to Systems Architecture,IBM,Coursera,https://www.coursera.org/learn/introduction-to-systems-architecture,13,หน้าคอร์สรวมโมดูล 3+2+2+3+3 = 13 ชม.,free_audit,0,2.B.4.g|2.B.4.h|2.B.3.b|2.B.3.a,อธิบายบทบาทสถาปนิกระบบ ใช้ systems thinking และ SDLC ออกแบบระบบที่ขยายได้และเชื่อถือได้ตามความต้องการทางธุรกิจ,Systems analysis|Systems architecture|SDLC,2026-10-01,title ตรง · Offered by IBM · Module 2 Introduction to Systems Analysis and Architecture,,,
N06,Data Science Math Skills,Duke University,Coursera,https://www.coursera.org/learn/datasciencemathskills,13,หน้าคอร์สระบุ 1 week at 10 hours a week (รวมโมดูล 13 ชม.) ใช้ค่าที่มากกว่า,free_audit,0,2.C.4.a|2.A.1.e,ใช้คณิตศาสตร์พื้นฐานสำหรับงานข้อมูล ได้แก่ เซต ฟังก์ชันและกราฟ อัตราการเปลี่ยนแปลง และความน่าจะเป็น,Mathematics|Probability|Functions,2026-10-01,title ตรง · Instructors Daniel Egger (Duke) · modules 4+3+3+3 ชม.,,,
N07,Quality Improvement and Management,Board Infinity,Coursera,https://www.coursera.org/learn/quality-improvement-and-management,11,หน้าคอร์สระบุ 1 week at 10 hours a week (รวมโมดูล 11 ชม.) ใช้ค่าที่มากกว่า,free_audit,0,4.A.2.a.3|2.B.3.m|4.A.2.a.1|4.A.1.a.2|2.A.2.d,อธิบายระบบบริหารคุณภาพและข้อกำหนด ISO 9001 ใช้เครื่องมือคุณภาพติดตามและประเมินกระบวนการให้ตรงมาตรฐาน,Quality management|ISO 9001|Quality tools,2026-10-01,title ตรง · Offered by Board Infinity · What you'll learn: ISO 9001 implementation / quality management systems and tools,,,
N08,Introduction to Technical Writing,Board Infinity,Coursera,https://www.coursera.org/learn/technical-writing-introduction,12,หน้าคอร์สรวมโมดูล 4 x 3 = 12 ชม.,free_audit,0,4.A.3.b.6,เขียนเอกสารทางเทคนิค เช่น คู่มือผู้ใช้และเอกสารระบบ และจัดการเอกสารร่วมกันบน GitHub,Technical writing|Documentation,2026-10-01,title ตรง · Offered by Board Infinity · 4 modules x 3 ชม.,,,
N09,The Bits and Bytes of Computer Networking,Google,Coursera,https://www.coursera.org/learn/computer-networking,23,หน้าคอร์สระบุ 2 weeks at 10 hours a week (รวมโมดูล 23 ชม.) ใช้ค่าที่มากกว่า,free_audit,0,2.C.9.a,อธิบายชั้นของเครือข่าย การส่งข้อมูล บริการเครือข่าย และการแก้ปัญหาการเชื่อมต่อ,Computer networking|TCP/IP|Troubleshooting,2026-10-01,title ตรง · Offered by Google · 6 modules,,,
N10,Technical Support Fundamentals,Google,Coursera,https://www.coursera.org/learn/technical-support-fundamentals,20,หน้าคอร์สระบุ 2 weeks at 10 hours a week (รวมโมดูล 20 ชม.),free_audit,0,2.C.3.a|4.A.3.b.5|4.A.3.b.1,อธิบายฮาร์ดแวร์ ระบบปฏิบัติการ ซอฟต์แวร์ และขั้นตอนประกอบ ดูแล และแก้ปัญหาคอมพิวเตอร์,Computer hardware|Operating systems|Troubleshooting,2026-10-01,title ตรง · Offered by Google · Module 2 Hardware / Module 6 Troubleshooting,,,ใช้ปิดช่องว่าง REQ-R14-4.A.3.b.5 แทนตัวเลือก --close-r14-repair
N11,Programming for Everybody (Getting Started with Python),University of Michigan,Coursera,https://www.coursera.org/learn/python,20,หน้าคอร์สระบุ 2 weeks at 10 hours a week (รวมโมดูล 17 ชม.) ใช้ค่าที่มากกว่า,free_audit,0,2.B.3.e|4.A.3.b.1,เขียนโปรแกรม Python พื้นฐาน ใช้ตัวแปร เงื่อนไข ฟังก์ชัน และลูป,Programming|Python|Debugging,2026-10-01,title ตรง · Offered by University of Michigan,,,
N12,Introduction to Software Engineering,IBM,Coursera,https://www.coursera.org/learn/introduction-to-software-engineering,20,หน้าคอร์สระบุ 2 weeks at 10 hours a week (รวมโมดูล 15 ชม.) ใช้ค่าที่มากกว่า,free_audit,0,2.C.3.b|2.B.3.e,อธิบายวงจรพัฒนาซอฟต์แวร์ พื้นฐานการเขียนโปรแกรม และสถาปัตยกรรมกับแบบรูปของซอฟต์แวร์,Software engineering|SDLC|Software architecture,2026-10-01,title ตรง · Offered by IBM · 6 modules,,,
N13,Foundations of Project Management,Google,Coursera,https://www.coursera.org/learn/project-management-foundations,12,หน้าคอร์สระบุ 1 week at 10 hours a week (รวมโมดูล 12 ชม.) ใช้ค่าที่มากกว่า,free_audit,0,2.C.1.a|4.A.2.b.6|4.A.2.b.4|4.A.4.b.1|2.B.1.b|2.B.5.a,อธิบายวงจรชีวิตโครงการ บทบาทผู้จัดการโครงการ การประสานงานทีม และการจัดลำดับงานและเวลา,Project management|Coordination|Planning,2026-10-01,title ตรง · Offered by Google · 4 modules,,,
N14,Introduction to Relational Databases (RDBMS),IBM,Coursera,https://www.coursera.org/learn/introduction-to-relational-databases,20,หน้าคอร์สระบุ 2 weeks at 10 hours a week (รวมโมดูล 17 ชม.) ใช้ค่าที่มากกว่า,free_audit,0,2.C.3.c,อธิบายแบบจำลองข้อมูลและออกแบบฐานข้อมูลเชิงสัมพันธ์ด้วยแผนภาพ ER,Data modeling|ER diagram|SQL,2026-10-01,title ตรง · Offered by IBM · What you'll learn: design a relational database with an Entity Relationship Diagram,,,
