task_id,role_id,onet_task_id,task_text,task_type,task_importance_im,rank_in_role,source_version
TASK-R01-21662,R01,21662,Analyze user needs and software requirements to determine feasibility of design within time and cost constraints.,Core,4.08,1,O*NET 31.0 Database (August 2026 Release)
TASK-R01-21669,R01,21669,"Develop or direct software system testing or validation procedures, programming, or documentation.",Core,3.9,2,O*NET 31.0 Database (August 2026 Release)
TASK-R01-21664,R01,21664,"Confer with systems analysts, engineers, programmers and others to design systems and to obtain information on project limitations and capabilities, performance requirements and interfaces.",Core,3.75,3,O*NET 31.0 Database (August 2026 Release)
TASK-R01-21670,R01,21670,"Modify existing software to correct errors, adapt it to new hardware, or upgrade interfaces and improve performance.",Core,3.74,4,O*NET 31.0 Database (August 2026 Release)
TASK-R01-21673,R01,21673,"Prepare reports or correspondence concerning project specifications, activities, or status.",Core,3.68,5,O*NET 31.0 Database (August 2026 Release)
TASK-R01-21661,R01,21661,"Analyze information to determine, recommend, and plan installation of a new system or modification of an existing system.",Core,3.61,6,O*NET 31.0 Database (August 2026 Release)
TASK-R01-21676,R01,21676,"Store, retrieve, and manipulate data for analysis of system capabilities and requirements.",Core,3.59,7,O*NET 31.0 Database (August 2026 Release)
TASK-R01-21667,R01,21667,"Design, develop and modify software systems, using scientific analysis and mathematical models to predict and measure outcomes and consequences of design.",Core,3.56,8,O*NET 31.0 Database (August 2026 Release)
TASK-R02-14707,R02,14707,Write supporting code for Web applications or Web sites.,Core,4.58,1,O*NET 31.0 Database (August 2026 Release)
TASK-R02-14694,R02,14694,"Design, build, or maintain Web sites, using authoring or scripting languages, content creation tools, management tools, and digital media.",Core,4.42,2,O*NET 31.0 Database (August 2026 Release)
TASK-R02-14698,R02,14698,Back up files from Web sites to local directories for instant recovery in case of problems.,Core,4.35,3,O*NET 31.0 Database (August 2026 Release)
TASK-R02-14711,R02,14711,"Select programming languages, design tools, or applications.",Core,4.17,4,O*NET 31.0 Database (August 2026 Release)
TASK-R02-14700,R02,14700,"Evaluate code to ensure that it is valid, is properly structured, meets industry standards, and is compatible with browsers, devices, or operating systems.",Core,4.09,5,O*NET 31.0 Database (August 2026 Release)
TASK-R02-14704,R02,14704,Develop databases that support Web applications and Web sites.,Core,4.05,6,O*NET 31.0 Database (August 2026 Release)
TASK-R02-14710,R02,14710,"Perform Web site tests according to planned schedules, or after any Web site or product revision.",Core,4.04,7,O*NET 31.0 Database (August 2026 Release)
TASK-R02-14695,R02,14695,Perform or direct Web site updates.,Core,4.0,8,O*NET 31.0 Database (August 2026 Release)
TASK-R03-1273,R03,1273,"Write, analyze, review, and rewrite programs, using workflow chart and diagram, and applying knowledge of computer capabilities, subject matter, and symbolic logic.",Core,4.42,1,O*NET 31.0 Database (August 2026 Release)
TASK-R03-1267,R03,1267,Correct errors by making appropriate changes and rechecking the program to ensure that the desired results are produced.,Core,4.38,2,O*NET 31.0 Database (August 2026 Release)
TASK-R03-1272,R03,1272,"Perform or direct revision, repair, or expansion of existing programs to increase operating efficiency or adapt to new requirements.",Core,4.37,3,O*NET 31.0 Database (August 2026 Release)
TASK-R03-1270,R03,1270,"Write, update, and maintain computer programs or software packages to handle specific jobs such as tracking inventory, storing or retrieving data, or controlling other equipment.",Core,4.15,4,O*NET 31.0 Database (August 2026 Release)
TASK-R03-1271,R03,1271,"Consult with managerial, engineering, and technical personnel to clarify program intent, identify problems, and suggest changes.",Core,4.04,5,O*NET 31.0 Database (August 2026 Release)
TASK-R03-1268,R03,1268,Conduct trial runs of programs and software applications to be sure they will produce the desired information and that the instructions are correct.,Core,3.96,6,O*NET 31.0 Database (August 2026 Release)
TASK-R03-1276,R03,1276,"Prepare detailed workflow charts and diagrams that describe input, output, and logical operation, and convert them into a series of instructions coded in a computer language.",Core,3.58,7,O*NET 31.0 Database (August 2026 Release)
TASK-R03-1269,R03,1269,"Compile and write documentation of program development and subsequent revisions, inserting comments in the coded instructions so others can understand the program.",Core,3.56,8,O*NET 31.0 Database (August 2026 Release)
TASK-R04-14642,R04,14642,"Identify, analyze, and document problems with program function, output, online screen, or content.",Core,4.7,1,O*NET 31.0 Database (August 2026 Release)
TASK-R04-14641,R04,14641,"Document software defects, using a bug tracking system, and report defects to software developers.",Core,4.68,2,O*NET 31.0 Database (August 2026 Release)
TASK-R04-14640,R04,14640,"Develop testing programs that address areas such as database impacts, software scenarios, regression testing, negative testing, error or bug retests, or usability.",Core,4.52,3,O*NET 31.0 Database (August 2026 Release)
TASK-R04-14638,R04,14638,"Design test plans, scenarios, scripts, or procedures.",Core,4.35,4,O*NET 31.0 Database (August 2026 Release)
TASK-R04-14648,R04,14648,Document test procedures to ensure replicability and compliance with standards.,Core,4.3,5,O*NET 31.0 Database (August 2026 Release)
TASK-R04-14653,R04,14653,Provide feedback and recommendations to developers on software usability and functionality.,Core,4.27,6,O*NET 31.0 Database (August 2026 Release)
TASK-R04-14652,R04,14652,"Install, maintain, or use software testing programs.",Core,4.26,7,O*NET 31.0 Database (August 2026 Release)
TASK-R04-14639,R04,14639,Test system modifications to prepare for implementation.,Core,4.21,8,O*NET 31.0 Database (August 2026 Release)
TASK-R05-21702,R05,21702,"Identify problems uncovered by testing or customer feedback, and correct problems or refer problems to appropriate personnel for correction.",Core,4.31,1,O*NET 31.0 Database (August 2026 Release)
TASK-R05-21692,R05,21692,"Design, build, or maintain Web sites, using authoring or scripting languages, content creation tools, management tools, and digital media.",Core,4.13,2,O*NET 31.0 Database (August 2026 Release)
TASK-R05-21714,R05,21714,Write supporting code for Web applications or Web sites.,Core,4.1,3,O*NET 31.0 Database (August 2026 Release)
TASK-R05-21706,R05,21706,"Perform Web site tests according to planned schedules, or after any Web site or product revision.",Core,4.06,4,O*NET 31.0 Database (August 2026 Release)
TASK-R05-21686,R05,21686,"Collaborate with web development professionals, such as front-end or back-end developers, to complete the full scope of Web development projects.",Core,4.05,5,O*NET 31.0 Database (August 2026 Release)
TASK-R05-21694,R05,21694,Develop new visual design concepts and modify concepts based on stakeholder feedback.,Core,4.01,6,O*NET 31.0 Database (August 2026 Release)
TASK-R05-21704,R05,21704,"Maintain understanding of current Web technologies or programming practices through continuing education, reading, or participation in professional conferences, workshops, or groups.",Core,3.95,7,O*NET 31.0 Database (August 2026 Release)
TASK-R05-21711,R05,21711,"Respond to user email inquiries, or set up automated systems to send responses.",Core,3.92,8,O*NET 31.0 Database (August 2026 Release)
TASK-R06-21823,R06,21823,"Analyze, manipulate, or process large sets of data using statistical software.",Core,4.33,1,O*NET 31.0 Database (August 2026 Release)
TASK-R06-21828,R06,21828,"Create graphs, charts, or other visualizations to convey the results of data analysis using specialized software.",Core,4.33,2,O*NET 31.0 Database (August 2026 Release)
TASK-R06-21837,R06,21837,"Test, validate, and reformulate models to ensure accurate prediction of outcomes of interest.",Core,4.25,3,O*NET 31.0 Database (August 2026 Release)
TASK-R06-21829,R06,21829,Deliver oral or written presentations of the results of mathematical modeling and data analysis to management or other end users.,Core,4.21,4,O*NET 31.0 Database (August 2026 Release)
TASK-R06-21836,R06,21836,Recommend data-driven solutions to key stakeholders.,Core,4.17,5,O*NET 31.0 Database (August 2026 Release)
TASK-R06-21831,R06,21831,Identify business problems or management objectives that can be addressed through data analysis.,Core,4.13,6,O*NET 31.0 Database (August 2026 Release)
TASK-R06-21826,R06,21826,Clean and manipulate raw data using statistical software.,Core,4.04,7,O*NET 31.0 Database (August 2026 Release)
TASK-R06-21827,R06,21827,"Compare models using statistical performance metrics, such as loss functions or proportion of explained variance.",Core,4.04,8,O*NET 31.0 Database (August 2026 Release)
TASK-R07-14623,R07,14623,Analyze problems to develop solutions involving computer hardware and software.,Core,4.24,1,O*NET 31.0 Database (August 2026 Release)
TASK-R07-14626,R07,14626,"Apply theoretical expertise and innovation to create or apply new technology, such as adapting principles for applying computers to new uses.",Core,3.89,2,O*NET 31.0 Database (August 2026 Release)
TASK-R07-14624,R07,14624,Assign or schedule tasks to meet work priorities and goals.,Core,3.76,3,O*NET 31.0 Database (August 2026 Release)
TASK-R07-14628,R07,14628,"Meet with managers, vendors, and others to solicit cooperation and resolve problems.",Core,3.64,4,O*NET 31.0 Database (August 2026 Release)
TASK-R07-14633,R07,14633,Design computers and the software that runs them.,Core,3.63,5,O*NET 31.0 Database (August 2026 Release)
TASK-R07-14629,R07,14629,"Conduct logical analyses of business, scientific, engineering, and other technical problems, formulating mathematical models of problems for solution by computers.",Core,3.61,6,O*NET 31.0 Database (August 2026 Release)
TASK-R07-14625,R07,14625,Evaluate project plans and proposals to assess feasibility issues.,Core,3.46,7,O*NET 31.0 Database (August 2026 Release)
TASK-R07-14635,R07,14635,"Participate in multidisciplinary projects in areas such as virtual reality, human-computer interaction, or robotics.",Core,3.37,8,O*NET 31.0 Database (August 2026 Release)
TASK-R08-16115,R08,16115,Develop and document database architectures.,Core,4.52,1,O*NET 31.0 Database (August 2026 Release)
TASK-R08-16113,R08,16113,"Collaborate with system architects, software architects, design analysts, and others to understand business or industry requirements.",Core,4.48,2,O*NET 31.0 Database (August 2026 Release)
TASK-R08-16114,R08,16114,"Develop database architectural strategies at the modeling, design and implementation stages to address business or industry requirements.",Core,4.45,3,O*NET 31.0 Database (August 2026 Release)
TASK-R08-16109,R08,16109,"Design databases to support business applications, ensuring system scalability, security, performance, and reliability.",Core,4.4,4,O*NET 31.0 Database (August 2026 Release)
TASK-R08-16108,R08,16108,"Develop data models for applications, metadata tables, views or related database structures.",Core,4.1,5,O*NET 31.0 Database (August 2026 Release)
TASK-R08-16110,R08,16110,"Design database applications, such as interfaces, data transfer mechanisms, global temporary tables, data partitions, and function-based indexes to enable efficient access of the generic database structure.",Core,4.1,6,O*NET 31.0 Database (August 2026 Release)
TASK-R08-21653,R08,21653,"Develop methods for integrating different products so they work properly together, such as customizing commercial databases to fit specific needs.",Core,4.05,7,O*NET 31.0 Database (August 2026 Release)
TASK-R08-16112,R08,16112,Create and enforce database development standards.,Core,4.0,8,O*NET 31.0 Database (August 2026 Release)
TASK-R09-16150,R09,16150,"Generate standard or custom reports summarizing business, financial, or economic data for review by executives, managers, clients, and other stakeholders.",Core,4.64,1,O*NET 31.0 Database (August 2026 Release)
TASK-R09-16139,R09,16139,"Maintain or update business intelligence tools, databases, dashboards, systems, or methods.",Core,4.36,2,O*NET 31.0 Database (August 2026 Release)
TASK-R09-16140,R09,16140,Manage timely flow of business intelligence information to users.,Core,4.19,3,O*NET 31.0 Database (August 2026 Release)
TASK-R09-16134,R09,16134,"Provide technical support for existing reports, dashboards, or other tools.",Core,3.95,4,O*NET 31.0 Database (August 2026 Release)
TASK-R09-16141,R09,16141,Identify and analyze industry or geographic trends with business strategy implications.,Core,3.86,5,O*NET 31.0 Database (August 2026 Release)
TASK-R09-16142,R09,16142,"Document specifications for business intelligence or information technology reports, dashboards, or other outputs.",Core,3.73,6,O*NET 31.0 Database (August 2026 Release)
TASK-R09-16144,R09,16144,"Create business intelligence tools or systems, including design of related databases, spreadsheets, or outputs.",Core,3.7,7,O*NET 31.0 Database (August 2026 Release)
TASK-R09-16146,R09,16146,"Collect business intelligence data from available industry reports, public information, field reports, or purchased sources.",Core,3.68,8,O*NET 31.0 Database (August 2026 Release)
TASK-R10-1299,R10,1299,Modify existing databases and database management systems or direct programmers and analysts to make changes.,Core,4.0,1,O*NET 31.0 Database (August 2026 Release)
TASK-R10-1301,R10,1301,"Plan, coordinate, and implement security measures to safeguard information in computer files against accidental or unauthorized damage, modification or disclosure.",Core,3.93,2,O*NET 31.0 Database (August 2026 Release)
TASK-R10-21649,R10,21649,Plan and install upgrades of database management system software to enhance database performance.,Core,3.86,3,O*NET 31.0 Database (August 2026 Release)
TASK-R10-1305,R10,1305,Specify users and user access levels for each segment of database.,Core,3.8,4,O*NET 31.0 Database (August 2026 Release)
TASK-R10-21651,R10,21651,Test changes to database applications or systems.,Core,3.76,5,O*NET 31.0 Database (August 2026 Release)
TASK-R10-1300,R10,1300,"Test programs or databases, correct errors, and make necessary modifications.",Core,3.68,6,O*NET 31.0 Database (August 2026 Release)
TASK-R10-1303,R10,1303,Train users and answer questions.,Core,3.56,7,O*NET 31.0 Database (August 2026 Release)
TASK-R10-21650,R10,21650,Provide technical support to junior staff or clients.,Core,3.46,8,O*NET 31.0 Database (August 2026 Release)
TASK-R11-5314,R11,5314,"Develop plans to safeguard computer files against accidental or unauthorized modification, destruction, or disclosure and to meet emergency data processing needs.",Core,4.4,1,O*NET 31.0 Database (August 2026 Release)
TASK-R11-5316,R11,5316,Monitor current reports of computer viruses to determine when to update virus protection systems.,Core,4.23,2,O*NET 31.0 Database (August 2026 Release)
TASK-R11-5321,R11,5321,Encrypt data transmissions and erect firewalls to conceal confidential information as it is being transmitted and to keep out tainted digital transfers.,Core,4.18,3,O*NET 31.0 Database (August 2026 Release)
TASK-R11-5320,R11,5320,Perform risk assessments and execute tests of data processing system to ensure functioning of data processing activities and security measures.,Core,4.12,4,O*NET 31.0 Database (August 2026 Release)
TASK-R11-5317,R11,5317,"Modify computer security files to incorporate new software, correct errors, or change individual access status.",Core,4.1,5,O*NET 31.0 Database (August 2026 Release)
TASK-R11-5323,R11,5323,Review violations of computer security procedures and discuss procedures with violators to ensure violations are not repeated.,Core,4.04,6,O*NET 31.0 Database (August 2026 Release)
TASK-R11-5315,R11,5315,"Confer with users to discuss issues such as computer data access needs, security violations, and programming changes.",Core,3.94,7,O*NET 31.0 Database (August 2026 Release)
TASK-R11-5322,R11,5322,"Document computer security and emergency measures policies, procedures, and tests.",Core,3.94,8,O*NET 31.0 Database (August 2026 Release)
TASK-R12-21776,R12,21776,"Identify security system weaknesses, using penetration tests.",Core,4.56,1,O*NET 31.0 Database (August 2026 Release)
TASK-R12-21769,R12,21769,Coordinate monitoring of networks or systems for security breaches or intrusions.,Core,4.42,2,O*NET 31.0 Database (August 2026 Release)
TASK-R12-21766,R12,21766,"Assess the quality of security controls, using performance indicators.",Core,4.41,3,O*NET 31.0 Database (August 2026 Release)
TASK-R12-21782,R12,21782,"Scan networks, using vulnerability assessment tools to identify vulnerabilities.",Core,4.28,4,O*NET 31.0 Database (August 2026 Release)
TASK-R12-21783,R12,21783,"Train staff on, and oversee the use of, information security standards, policies, and best practices.",Core,4.28,5,O*NET 31.0 Database (August 2026 Release)
TASK-R12-21774,R12,21774,Develop response and recovery strategies for security breaches.,Core,4.25,6,O*NET 31.0 Database (August 2026 Release)
TASK-R12-21767,R12,21767,Conduct investigations of information security breaches to identify vulnerabilities and evaluate the damage.,Core,4.22,7,O*NET 31.0 Database (August 2026 Release)
TASK-R12-21773,R12,21773,"Develop or install software, such as firewalls and data encryption programs, to protect sensitive information.",Core,4.11,8,O*NET 31.0 Database (August 2026 Release)
TASK-R13-21754,R13,21754,Document penetration test findings.,Core,4.84,1,O*NET 31.0 Database (August 2026 Release)
TASK-R13-21758,R13,21758,"Identify security system weaknesses, using penetration tests.",Core,4.74,2,O*NET 31.0 Database (August 2026 Release)
TASK-R13-21765,R13,21765,Write audit reports to communicate technical and procedural findings and recommend solutions.,Core,4.58,3,O*NET 31.0 Database (August 2026 Release)
TASK-R13-21756,R13,21756,Gather cyber intelligence to identify vulnerabilities.,Core,4.56,4,O*NET 31.0 Database (August 2026 Release)
TASK-R13-21761,R13,21761,Maintain up-to-date knowledge of hacking trends.,Core,4.53,5,O*NET 31.0 Database (August 2026 Release)
TASK-R13-21760,R13,21760,Keep up with new penetration testing tools and methods.,Core,4.47,6,O*NET 31.0 Database (August 2026 Release)
TASK-R13-21757,R13,21757,"Identify new threat tactics, techniques, or procedures used by cyber threat actors.",Core,4.42,7,O*NET 31.0 Database (August 2026 Release)
TASK-R13-21746,R13,21746,"Conduct network and security system audits, using established criteria.",Core,4.39,8,O*NET 31.0 Database (August 2026 Release)
TASK-R14-21792,R14,21792,Duplicate digital evidence to use for data recovery and analysis procedures.,Core,4.88,1,O*NET 31.0 Database (August 2026 Release)
TASK-R14-21799,R14,21799,Preserve and maintain digital forensic evidence for analysis.,Core,4.85,2,O*NET 31.0 Database (August 2026 Release)
TASK-R14-21786,R14,21786,Adhere to legal policies and procedures related to handling digital media.,Core,4.81,3,O*NET 31.0 Database (August 2026 Release)
TASK-R14-21797,R14,21797,Perform forensic investigations of operating or file systems.,Core,4.5,4,O*NET 31.0 Database (August 2026 Release)
TASK-R14-21804,R14,21804,"Write reports, sign affidavits, or give depositions for legal proceedings.",Core,4.5,5,O*NET 31.0 Database (August 2026 Release)
TASK-R14-21789,R14,21789,Create system images or capture network settings from information technology environments to preserve as evidence.,Core,4.48,6,O*NET 31.0 Database (August 2026 Release)
TASK-R14-21795,R14,21795,"Maintain knowledge of laws, regulations, policies or other issuances pertaining to digital forensics or information privacy.",Core,4.31,7,O*NET 31.0 Database (August 2026 Release)
TASK-R14-21805,R14,21805,Write technical summaries to report findings.,Core,4.28,8,O*NET 31.0 Database (August 2026 Release)
TASK-R15-18968,R15,18968,Develop disaster recovery plans.,Core,4.44,1,O*NET 31.0 Database (August 2026 Release)
TASK-R15-18971,R15,18971,"Develop or recommend network security measures, such as firewalls, network security audits, or automated security probes.",Core,4.35,2,O*NET 31.0 Database (August 2026 Release)
TASK-R15-18965,R15,18965,Develop and implement solutions for network problems.,Core,4.2,3,O*NET 31.0 Database (August 2026 Release)
TASK-R15-18977,R15,18977,"Maintain networks by performing activities such as file addition, deletion, or backup.",Core,4.16,4,O*NET 31.0 Database (August 2026 Release)
TASK-R15-18960,R15,18960,"Coordinate network operations, maintenance, repairs, or upgrades.",Core,4.15,5,O*NET 31.0 Database (August 2026 Release)
TASK-R15-18959,R15,18959,Coordinate installation of new equipment.,Core,3.95,6,O*NET 31.0 Database (August 2026 Release)
TASK-R15-18979,R15,18979,"Monitor and analyze network performance and reports on data input or output to detect problems, identify inefficient use of computer resources, or perform capacity planning.",Core,3.9,7,O*NET 31.0 Database (August 2026 Release)
TASK-R15-18969,R15,18969,Develop network-related documentation.,Core,3.89,8,O*NET 31.0 Database (August 2026 Release)
TASK-R16-14666,R16,14666,Communicate with staff or clients to understand specific system requirements.,Core,4.24,1,O*NET 31.0 Database (August 2026 Release)
TASK-R16-14677,R16,14677,"Investigate system component suitability for specified purposes, and make recommendations regarding component use.",Core,4.19,2,O*NET 31.0 Database (August 2026 Release)
TASK-R16-14674,R16,14674,Provide customers or installation teams guidelines for implementing secure systems.,Core,4.18,3,O*NET 31.0 Database (August 2026 Release)
TASK-R16-14676,R16,14676,"Direct the analysis, development, and operation of complete computer systems.",Core,4.16,4,O*NET 31.0 Database (August 2026 Release)
TASK-R16-14675,R16,14675,Monitor system operation to detect potential problems.,Core,4.09,5,O*NET 31.0 Database (August 2026 Release)
TASK-R16-14689,R16,14689,"Direct the installation of operating systems, network or application software, or computer or network hardware.",Core,4.09,6,O*NET 31.0 Database (August 2026 Release)
TASK-R16-14669,R16,14669,"Verify stability, interoperability, portability, security, or scalability of system architecture.",Core,3.95,7,O*NET 31.0 Database (August 2026 Release)
TASK-R16-14673,R16,14673,"Identify system data, hardware, or software components required to meet user needs.",Core,3.95,8,O*NET 31.0 Database (August 2026 Release)
TASK-R17-1319,R17,1319,"Plan, coordinate, and implement network security measures to protect data, software, and hardware.",Core,4.56,1,O*NET 31.0 Database (August 2026 Release)
TASK-R17-1317,R17,1317,Perform data backups and disaster recovery operations.,Core,4.35,2,O*NET 31.0 Database (August 2026 Release)
TASK-R17-15205,R17,15205,"Diagnose, troubleshoot, and resolve hardware, software, or other network and system problems, and replace defective components when necessary.",Core,4.12,3,O*NET 31.0 Database (August 2026 Release)
TASK-R17-1318,R17,1318,"Maintain and administer computer networks and related computing environments, including computer hardware, systems software, applications software, and all configurations.",Core,4.08,4,O*NET 31.0 Database (August 2026 Release)
TASK-R17-15206,R17,15206,"Configure, monitor, and maintain email applications or virus protection software.",Core,3.92,5,O*NET 31.0 Database (August 2026 Release)
TASK-R17-1324,R17,1324,Confer with network users about solutions to existing system problems.,Core,3.79,6,O*NET 31.0 Database (August 2026 Release)
TASK-R17-1320,R17,1320,Operate master consoles to monitor the performance of computer systems and networks and to coordinate computer network access and use.,Core,3.73,7,O*NET 31.0 Database (August 2026 Release)
TASK-R17-1330,R17,1330,"Maintain logs related to network functions, as well as maintenance and repair records.",Core,3.65,8,O*NET 31.0 Database (August 2026 Release)
TASK-R18-20950,R18,20950,Troubleshoot program and system malfunctions to restore normal functioning.,Core,4.24,1,O*NET 31.0 Database (August 2026 Release)
TASK-R18-3464,R18,3464,"Provide staff and users with assistance solving computer-related problems, such as malfunctions and program problems.",Core,4.05,2,O*NET 31.0 Database (August 2026 Release)
TASK-R18-3465,R18,3465,"Test, maintain, and monitor computer programs and systems, including coordinating the installation of computer programs and systems.",Core,4.0,3,O*NET 31.0 Database (August 2026 Release)
TASK-R18-3482,R18,3482,"Use the computer in the analysis and solution of business problems, such as development of integrated production and inventory control and cost analysis systems.",Core,3.97,4,O*NET 31.0 Database (August 2026 Release)
TASK-R18-3468,R18,3468,Coordinate and link the computer systems within an organization to increase compatibility so that information can be shared.,Core,3.78,5,O*NET 31.0 Database (August 2026 Release)
TASK-R18-3466,R18,3466,"Use object-oriented programming languages, as well as client and server applications development processes and multimedia and Internet technology.",Core,3.71,6,O*NET 31.0 Database (August 2026 Release)
TASK-R18-3474,R18,3474,"Analyze information processing or computation needs and plan and design computer systems, using techniques such as structured analysis, data modeling, and information engineering.",Core,3.6,7,O*NET 31.0 Database (August 2026 Release)
TASK-R18-3469,R18,3469,Consult with management to ensure agreement on system principles.,Core,3.57,8,O*NET 31.0 Database (August 2026 Release)
TASK-R19-16169,R19,16169,"Manage project execution to ensure adherence to budget, schedule, and scope.",Core,4.48,1,O*NET 31.0 Database (August 2026 Release)
TASK-R19-16154,R19,16154,Confer with project personnel to identify and resolve problems.,Core,4.38,2,O*NET 31.0 Database (August 2026 Release)
TASK-R19-16157,R19,16157,Monitor or track project milestones and deliverables.,Core,4.29,3,O*NET 31.0 Database (August 2026 Release)
TASK-R19-16152,R19,16152,"Submit project deliverables, ensuring adherence to quality standards.",Core,4.25,4,O*NET 31.0 Database (August 2026 Release)
TASK-R19-16155,R19,16155,"Assess current or future customer needs and priorities by communicating directly with customers, conducting surveys, or other methods.",Core,4.2,5,O*NET 31.0 Database (August 2026 Release)
TASK-R19-16159,R19,16159,"Initiate, review, or approve modifications to project plans.",Core,4.2,6,O*NET 31.0 Database (August 2026 Release)
TASK-R19-16156,R19,16156,Schedule and facilitate meetings related to information technology projects.,Core,4.16,7,O*NET 31.0 Database (August 2026 Release)
TASK-R19-16163,R19,16163,Direct or coordinate activities of project personnel.,Core,4.1,8,O*NET 31.0 Database (August 2026 Release)
TASK-R20-968,R20,968,"Direct daily operations of department, analyzing workflow, establishing priorities, developing standards and setting deadlines.",Core,4.11,1,O*NET 31.0 Database (August 2026 Release)
TASK-R20-975,R20,975,"Meet with department heads, managers, supervisors, vendors, and others, to solicit cooperation and resolve problems.",Core,4.1,2,O*NET 31.0 Database (August 2026 Release)
TASK-R20-978,R20,978,Review project plans to plan and coordinate project activity.,Core,4.08,3,O*NET 31.0 Database (August 2026 Release)
TASK-R20-969,R20,969,"Assign and review the work of systems analysts, programmers, and other computer-related workers.",Core,4.04,4,O*NET 31.0 Database (August 2026 Release)
TASK-R20-15198,R20,15198,Provide users with technical support for computer problems.,Core,3.99,5,O*NET 31.0 Database (August 2026 Release)
TASK-R20-971,R20,971,"Develop computer information resources, providing for data security and control, strategic computing, and disaster recovery.",Core,3.94,6,O*NET 31.0 Database (August 2026 Release)
TASK-R20-970,R20,970,Stay abreast of advances in technology.,Core,3.88,7,O*NET 31.0 Database (August 2026 Release)
TASK-R20-977,R20,977,"Recruit, hire, train and supervise staff, or participate in staffing decisions.",Core,3.88,8,O*NET 31.0 Database (August 2026 Release)
