skill_element_id,skill_element_name,skill_domain,activity_element_id,activity_element_name,source
2.A.1.a,Reading Comprehension,Essential Skills,4.A.1.a.1,Getting Information,F13_EssSkills_to_WorkAct
2.A.1.a,Reading Comprehension,Essential Skills,4.A.1.a.2,"Monitoring Processes, Materials, or Surroundings",F13_EssSkills_to_WorkAct
2.A.1.a,Reading Comprehension,Essential Skills,4.A.1.b.1,"Identifying Objects, Actions, and Events",F13_EssSkills_to_WorkAct
2.A.1.a,Reading Comprehension,Essential Skills,4.A.2.a.1,"Judging the Qualities of Objects, Services, or People",F13_EssSkills_to_WorkAct
2.A.1.a,Reading Comprehension,Essential Skills,4.A.2.a.2,Processing Information,F13_EssSkills_to_WorkAct
2.A.1.a,Reading Comprehension,Essential Skills,4.A.2.a.3,Evaluating Information to Determine Compliance with Standards,F13_EssSkills_to_WorkAct
2.A.1.a,Reading Comprehension,Essential Skills,4.A.2.a.4,Analyzing Data or Information,F13_EssSkills_to_WorkAct
2.A.1.a,Reading Comprehension,Essential Skills,4.A.2.b.1,Making Decisions and Solving Problems,F13_EssSkills_to_WorkAct
2.A.1.a,Reading Comprehension,Essential Skills,4.A.2.b.3,Updating and Using Relevant Knowledge,F13_EssSkills_to_WorkAct
2.A.1.a,Reading Comprehension,Essential Skills,4.A.3.b.1,Working with Computers,F13_EssSkills_to_WorkAct
2.A.1.a,Reading Comprehension,Essential Skills,4.A.3.b.2,"Drafting, Laying Out, and Specifying Technical Devices, Parts, and Equipment",F13_EssSkills_to_WorkAct
2.A.1.a,Reading Comprehension,Essential Skills,4.A.4.a.1,Interpreting the Meaning of Information for Others,F13_EssSkills_to_WorkAct
2.A.1.a,Reading Comprehension,Essential Skills,4.A.4.b.3,Training and Teaching Others,F13_EssSkills_to_WorkAct
2.A.1.a,Reading Comprehension,Essential Skills,4.A.4.b.6,Providing Consultation and Advice to Others,F13_EssSkills_to_WorkAct
2.A.1.a,Reading Comprehension,Essential Skills,4.A.4.c.1,Performing Administrative Activities,F13_EssSkills_to_WorkAct
2.A.1.b,Active Listening,Essential Skills,4.A.1.a.1,Getting Information,F13_EssSkills_to_WorkAct
2.A.1.b,Active Listening,Essential Skills,4.A.1.a.2,"Monitoring Processes, Materials, or Surroundings",F13_EssSkills_to_WorkAct
2.A.1.b,Active Listening,Essential Skills,4.A.1.b.1,"Identifying Objects, Actions, and Events",F13_EssSkills_to_WorkAct
2.A.1.b,Active Listening,Essential Skills,4.A.2.b.1,Making Decisions and Solving Problems,F13_EssSkills_to_WorkAct
2.A.1.b,Active Listening,Essential Skills,4.A.2.b.3,Updating and Using Relevant Knowledge,F13_EssSkills_to_WorkAct
2.A.1.b,Active Listening,Essential Skills,4.A.4.a.1,Interpreting the Meaning of Information for Others,F13_EssSkills_to_WorkAct
2.A.1.b,Active Listening,Essential Skills,4.A.4.a.2,"Communicating with Supervisors, Peers, or Subordinates",F13_EssSkills_to_WorkAct
2.A.1.b,Active Listening,Essential Skills,4.A.4.a.3,Communicating with People Outside the Organization,F13_EssSkills_to_WorkAct
2.A.1.b,Active Listening,Essential Skills,4.A.4.a.4,Establishing and Maintaining Interpersonal Relationships,F13_EssSkills_to_WorkAct
2.A.1.b,Active Listening,Essential Skills,4.A.4.a.5,Assisting and Caring for Others,F13_EssSkills_to_WorkAct
2.A.1.b,Active Listening,Essential Skills,4.A.4.a.6,Selling or Influencing Others,F13_EssSkills_to_WorkAct
2.A.1.b,Active Listening,Essential Skills,4.A.4.a.7,Resolving Conflicts and Negotiating with Others,F13_EssSkills_to_WorkAct
2.A.1.b,Active Listening,Essential Skills,4.A.4.a.8,Performing for or Working Directly with the Public,F13_EssSkills_to_WorkAct
2.A.1.b,Active Listening,Essential Skills,4.A.4.b.1,Coordinating the Work and Activities of Others,F13_EssSkills_to_WorkAct
2.A.1.b,Active Listening,Essential Skills,4.A.4.b.2,Developing and Building Teams,F13_EssSkills_to_WorkAct
2.A.1.b,Active Listening,Essential Skills,4.A.4.b.3,Training and Teaching Others,F13_EssSkills_to_WorkAct
2.A.1.b,Active Listening,Essential Skills,4.A.4.b.4,"Guiding, Directing, and Motivating Subordinates",F13_EssSkills_to_WorkAct
2.A.1.b,Active Listening,Essential Skills,4.A.4.b.5,Coaching and Developing Others,F13_EssSkills_to_WorkAct
2.A.1.b,Active Listening,Essential Skills,4.A.4.b.6,Providing Consultation and Advice to Others,F13_EssSkills_to_WorkAct
2.A.1.b,Active Listening,Essential Skills,4.A.4.c.2,Staffing Organizational Units,F13_EssSkills_to_WorkAct
2.A.1.c,Writing,Essential Skills,4.A.2.b.4,Developing Objectives and Strategies,F13_EssSkills_to_WorkAct
2.A.1.c,Writing,Essential Skills,4.A.3.b.2,"Drafting, Laying Out, and Specifying Technical Devices, Parts, and Equipment",F13_EssSkills_to_WorkAct
2.A.1.c,Writing,Essential Skills,4.A.3.b.6,Documenting/Recording Information,F13_EssSkills_to_WorkAct
2.A.1.c,Writing,Essential Skills,4.A.4.a.1,Interpreting the Meaning of Information for Others,F13_EssSkills_to_WorkAct
2.A.1.c,Writing,Essential Skills,4.A.4.a.2,"Communicating with Supervisors, Peers, or Subordinates",F13_EssSkills_to_WorkAct
2.A.1.c,Writing,Essential Skills,4.A.4.a.3,Communicating with People Outside the Organization,F13_EssSkills_to_WorkAct
2.A.1.c,Writing,Essential Skills,4.A.4.b.3,Training and Teaching Others,F13_EssSkills_to_WorkAct
2.A.1.c,Writing,Essential Skills,4.A.4.b.4,"Guiding, Directing, and Motivating Subordinates",F13_EssSkills_to_WorkAct
2.A.1.c,Writing,Essential Skills,4.A.4.b.6,Providing Consultation and Advice to Others,F13_EssSkills_to_WorkAct
2.A.1.c,Writing,Essential Skills,4.A.4.c.1,Performing Administrative Activities,F13_EssSkills_to_WorkAct
2.A.1.d,Speaking,Essential Skills,4.A.2.b.4,Developing Objectives and Strategies,F13_EssSkills_to_WorkAct
2.A.1.d,Speaking,Essential Skills,4.A.4.a.1,Interpreting the Meaning of Information for Others,F13_EssSkills_to_WorkAct
2.A.1.d,Speaking,Essential Skills,4.A.4.a.2,"Communicating with Supervisors, Peers, or Subordinates",F13_EssSkills_to_WorkAct
2.A.1.d,Speaking,Essential Skills,4.A.4.a.3,Communicating with People Outside the Organization,F13_EssSkills_to_WorkAct
2.A.1.d,Speaking,Essential Skills,4.A.4.a.4,Establishing and Maintaining Interpersonal Relationships,F13_EssSkills_to_WorkAct
2.A.1.d,Speaking,Essential Skills,4.A.4.a.5,Assisting and Caring for Others,F13_EssSkills_to_WorkAct
2.A.1.d,Speaking,Essential Skills,4.A.4.a.6,Selling or Influencing Others,F13_EssSkills_to_WorkAct
2.A.1.d,Speaking,Essential Skills,4.A.4.a.7,Resolving Conflicts and Negotiating with Others,F13_EssSkills_to_WorkAct
2.A.1.d,Speaking,Essential Skills,4.A.4.a.8,Performing for or Working Directly with the Public,F13_EssSkills_to_WorkAct
2.A.1.d,Speaking,Essential Skills,4.A.4.b.1,Coordinating the Work and Activities of Others,F13_EssSkills_to_WorkAct
2.A.1.d,Speaking,Essential Skills,4.A.4.b.2,Developing and Building Teams,F13_EssSkills_to_WorkAct
2.A.1.d,Speaking,Essential Skills,4.A.4.b.3,Training and Teaching Others,F13_EssSkills_to_WorkAct
2.A.1.d,Speaking,Essential Skills,4.A.4.b.4,"Guiding, Directing, and Motivating Subordinates",F13_EssSkills_to_WorkAct
2.A.1.d,Speaking,Essential Skills,4.A.4.b.5,Coaching and Developing Others,F13_EssSkills_to_WorkAct
2.A.1.d,Speaking,Essential Skills,4.A.4.b.6,Providing Consultation and Advice to Others,F13_EssSkills_to_WorkAct
2.A.1.d,Speaking,Essential Skills,4.A.4.c.2,Staffing Organizational Units,F13_EssSkills_to_WorkAct
2.A.1.e,Mathematics,Essential Skills,4.A.1.b.3,"Estimating the Quantifiable Characteristics of Products, Events, or Information",F13_EssSkills_to_WorkAct
2.A.1.e,Mathematics,Essential Skills,4.A.2.a.2,Processing Information,F13_EssSkills_to_WorkAct
2.A.2.a,Critical Thinking,Essential Skills,4.A.1.a.1,Getting Information,F13_EssSkills_to_WorkAct
2.A.2.a,Critical Thinking,Essential Skills,4.A.1.a.2,"Monitoring Processes, Materials, or Surroundings",F13_EssSkills_to_WorkAct
2.A.2.a,Critical Thinking,Essential Skills,4.A.1.b.1,"Identifying Objects, Actions, and Events",F13_EssSkills_to_WorkAct
2.A.2.a,Critical Thinking,Essential Skills,4.A.1.b.2,"Inspecting Equipment, Structures, or Materials",F13_EssSkills_to_WorkAct
2.A.2.a,Critical Thinking,Essential Skills,4.A.1.b.3,"Estimating the Quantifiable Characteristics of Products, Events, or Information",F13_EssSkills_to_WorkAct
2.A.2.a,Critical Thinking,Essential Skills,4.A.2.a.3,Evaluating Information to Determine Compliance with Standards,F13_EssSkills_to_WorkAct
2.A.2.a,Critical Thinking,Essential Skills,4.A.2.a.4,Analyzing Data or Information,F13_EssSkills_to_WorkAct
2.A.2.a,Critical Thinking,Essential Skills,4.A.2.b.1,Making Decisions and Solving Problems,F13_EssSkills_to_WorkAct
2.A.2.a,Critical Thinking,Essential Skills,4.A.2.b.2,Thinking Creatively,F13_EssSkills_to_WorkAct
2.A.2.a,Critical Thinking,Essential Skills,4.A.2.b.4,Developing Objectives and Strategies,F13_EssSkills_to_WorkAct
2.A.2.a,Critical Thinking,Essential Skills,4.A.2.b.5,Scheduling Work and Activities,F13_EssSkills_to_WorkAct
2.A.2.a,Critical Thinking,Essential Skills,4.A.2.b.6,"Organizing, Planning, and Prioritizing Work",F13_EssSkills_to_WorkAct
2.A.2.a,Critical Thinking,Essential Skills,4.A.3.b.1,Working with Computers,F13_EssSkills_to_WorkAct
2.A.2.a,Critical Thinking,Essential Skills,4.A.3.b.4,Repairing and Maintaining Mechanical Equipment,F13_EssSkills_to_WorkAct
2.A.2.a,Critical Thinking,Essential Skills,4.A.3.b.5,Repairing and Maintaining Electronic Equipment,F13_EssSkills_to_WorkAct
2.A.2.a,Critical Thinking,Essential Skills,4.A.4.a.1,Interpreting the Meaning of Information for Others,F13_EssSkills_to_WorkAct
2.A.2.a,Critical Thinking,Essential Skills,4.A.4.a.7,Resolving Conflicts and Negotiating with Others,F13_EssSkills_to_WorkAct
2.A.2.a,Critical Thinking,Essential Skills,4.A.4.b.1,Coordinating the Work and Activities of Others,F13_EssSkills_to_WorkAct
2.A.2.a,Critical Thinking,Essential Skills,4.A.4.b.2,Developing and Building Teams,F13_EssSkills_to_WorkAct
2.A.2.a,Critical Thinking,Essential Skills,4.A.4.b.3,Training and Teaching Others,F13_EssSkills_to_WorkAct
2.A.2.a,Critical Thinking,Essential Skills,4.A.4.b.4,"Guiding, Directing, and Motivating Subordinates",F13_EssSkills_to_WorkAct
2.A.2.a,Critical Thinking,Essential Skills,4.A.4.b.5,Coaching and Developing Others,F13_EssSkills_to_WorkAct
2.A.2.a,Critical Thinking,Essential Skills,4.A.4.b.6,Providing Consultation and Advice to Others,F13_EssSkills_to_WorkAct
2.A.2.a,Critical Thinking,Essential Skills,4.A.4.c.2,Staffing Organizational Units,F13_EssSkills_to_WorkAct
2.A.2.a,Critical Thinking,Essential Skills,4.A.4.c.3,Monitoring and Controlling Resources,F13_EssSkills_to_WorkAct
2.A.2.b,Active Learning,Essential Skills,4.A.2.b.1,Making Decisions and Solving Problems,F13_EssSkills_to_WorkAct
2.A.2.b,Active Learning,Essential Skills,4.A.2.b.3,Updating and Using Relevant Knowledge,F13_EssSkills_to_WorkAct
2.A.2.b,Active Learning,Essential Skills,4.A.4.a.7,Resolving Conflicts and Negotiating with Others,F13_EssSkills_to_WorkAct
2.A.2.b,Active Learning,Essential Skills,4.A.4.b.3,Training and Teaching Others,F13_EssSkills_to_WorkAct
2.A.2.b,Active Learning,Essential Skills,4.A.4.b.4,"Guiding, Directing, and Motivating Subordinates",F13_EssSkills_to_WorkAct
2.A.2.c,Learning Strategies,Essential Skills,4.A.2.b.3,Updating and Using Relevant Knowledge,F13_EssSkills_to_WorkAct
2.A.2.c,Learning Strategies,Essential Skills,4.A.4.b.3,Training and Teaching Others,F13_EssSkills_to_WorkAct
2.A.2.c,Learning Strategies,Essential Skills,4.A.4.b.4,"Guiding, Directing, and Motivating Subordinates",F13_EssSkills_to_WorkAct
2.A.2.c,Learning Strategies,Essential Skills,4.A.4.b.5,Coaching and Developing Others,F13_EssSkills_to_WorkAct
2.A.2.d,Monitoring,Essential Skills,4.A.1.a.2,"Monitoring Processes, Materials, or Surroundings",F13_EssSkills_to_WorkAct
2.A.2.d,Monitoring,Essential Skills,4.A.2.a.1,"Judging the Qualities of Objects, Services, or People",F13_EssSkills_to_WorkAct
2.A.2.d,Monitoring,Essential Skills,4.A.4.a.5,Assisting and Caring for Others,F13_EssSkills_to_WorkAct
2.A.2.d,Monitoring,Essential Skills,4.A.4.a.6,Selling or Influencing Others,F13_EssSkills_to_WorkAct
2.A.2.d,Monitoring,Essential Skills,4.A.4.a.7,Resolving Conflicts and Negotiating with Others,F13_EssSkills_to_WorkAct
2.A.2.d,Monitoring,Essential Skills,4.A.4.b.1,Coordinating the Work and Activities of Others,F13_EssSkills_to_WorkAct
2.A.2.d,Monitoring,Essential Skills,4.A.4.b.2,Developing and Building Teams,F13_EssSkills_to_WorkAct
2.A.2.d,Monitoring,Essential Skills,4.A.4.b.3,Training and Teaching Others,F13_EssSkills_to_WorkAct
2.A.2.d,Monitoring,Essential Skills,4.A.4.b.4,"Guiding, Directing, and Motivating Subordinates",F13_EssSkills_to_WorkAct
2.A.2.d,Monitoring,Essential Skills,4.A.4.b.5,Coaching and Developing Others,F13_EssSkills_to_WorkAct
2.A.2.d,Monitoring,Essential Skills,4.A.4.b.6,Providing Consultation and Advice to Others,F13_EssSkills_to_WorkAct
2.A.2.d,Monitoring,Essential Skills,4.A.4.c.2,Staffing Organizational Units,F13_EssSkills_to_WorkAct
2.A.2.d,Monitoring,Essential Skills,4.A.4.c.3,Monitoring and Controlling Resources,F13_EssSkills_to_WorkAct
2.B.1.a,Social Perceptiveness,Transferable Skills,4.A.4.a.1,Interpreting the Meaning of Information for Others,F15_TrfSkills_to_WorkAct
2.B.1.a,Social Perceptiveness,Transferable Skills,4.A.4.a.3,Communicating with People Outside the Organization,F15_TrfSkills_to_WorkAct
2.B.1.a,Social Perceptiveness,Transferable Skills,4.A.4.a.4,Establishing and Maintaining Interpersonal Relationships,F15_TrfSkills_to_WorkAct
2.B.1.a,Social Perceptiveness,Transferable Skills,4.A.4.a.5,Assisting and Caring for Others,F15_TrfSkills_to_WorkAct
2.B.1.a,Social Perceptiveness,Transferable Skills,4.A.4.a.6,Selling or Influencing Others,F15_TrfSkills_to_WorkAct
2.B.1.a,Social Perceptiveness,Transferable Skills,4.A.4.a.7,Resolving Conflicts and Negotiating with Others,F15_TrfSkills_to_WorkAct
2.B.1.a,Social Perceptiveness,Transferable Skills,4.A.4.a.8,Performing for or Working Directly with the Public,F15_TrfSkills_to_WorkAct
2.B.1.a,Social Perceptiveness,Transferable Skills,4.A.4.b.1,Coordinating the Work and Activities of Others,F15_TrfSkills_to_WorkAct
2.B.1.a,Social Perceptiveness,Transferable Skills,4.A.4.b.2,Developing and Building Teams,F15_TrfSkills_to_WorkAct
2.B.1.a,Social Perceptiveness,Transferable Skills,4.A.4.b.3,Training and Teaching Others,F15_TrfSkills_to_WorkAct
2.B.1.a,Social Perceptiveness,Transferable Skills,4.A.4.b.4,"Guiding, Directing, and Motivating Subordinates",F15_TrfSkills_to_WorkAct
2.B.1.a,Social Perceptiveness,Transferable Skills,4.A.4.b.5,Coaching and Developing Others,F15_TrfSkills_to_WorkAct
2.B.1.a,Social Perceptiveness,Transferable Skills,4.A.4.b.6,Providing Consultation and Advice to Others,F15_TrfSkills_to_WorkAct
2.B.1.a,Social Perceptiveness,Transferable Skills,4.A.4.c.2,Staffing Organizational Units,F15_TrfSkills_to_WorkAct
2.B.1.b,Coordination,Transferable Skills,4.A.2.b.5,Scheduling Work and Activities,F15_TrfSkills_to_WorkAct
2.B.1.b,Coordination,Transferable Skills,4.A.4.a.4,Establishing and Maintaining Interpersonal Relationships,F15_TrfSkills_to_WorkAct
2.B.1.b,Coordination,Transferable Skills,4.A.4.a.5,Assisting and Caring for Others,F15_TrfSkills_to_WorkAct
2.B.1.b,Coordination,Transferable Skills,4.A.4.a.6,Selling or Influencing Others,F15_TrfSkills_to_WorkAct
2.B.1.b,Coordination,Transferable Skills,4.A.4.a.7,Resolving Conflicts and Negotiating with Others,F15_TrfSkills_to_WorkAct
2.B.1.b,Coordination,Transferable Skills,4.A.4.a.8,Performing for or Working Directly with the Public,F15_TrfSkills_to_WorkAct
2.B.1.b,Coordination,Transferable Skills,4.A.4.b.1,Coordinating the Work and Activities of Others,F15_TrfSkills_to_WorkAct
2.B.1.b,Coordination,Transferable Skills,4.A.4.b.2,Developing and Building Teams,F15_TrfSkills_to_WorkAct
2.B.1.b,Coordination,Transferable Skills,4.A.4.b.3,Training and Teaching Others,F15_TrfSkills_to_WorkAct
2.B.1.b,Coordination,Transferable Skills,4.A.4.b.4,"Guiding, Directing, and Motivating Subordinates",F15_TrfSkills_to_WorkAct
2.B.1.b,Coordination,Transferable Skills,4.A.4.b.5,Coaching and Developing Others,F15_TrfSkills_to_WorkAct
2.B.1.b,Coordination,Transferable Skills,4.A.4.b.6,Providing Consultation and Advice to Others,F15_TrfSkills_to_WorkAct
2.B.1.c,Persuasion,Transferable Skills,4.A.4.a.3,Communicating with People Outside the Organization,F15_TrfSkills_to_WorkAct
2.B.1.c,Persuasion,Transferable Skills,4.A.4.a.4,Establishing and Maintaining Interpersonal Relationships,F15_TrfSkills_to_WorkAct
2.B.1.c,Persuasion,Transferable Skills,4.A.4.a.6,Selling or Influencing Others,F15_TrfSkills_to_WorkAct
2.B.1.c,Persuasion,Transferable Skills,4.A.4.a.7,Resolving Conflicts and Negotiating with Others,F15_TrfSkills_to_WorkAct
2.B.1.c,Persuasion,Transferable Skills,4.A.4.b.1,Coordinating the Work and Activities of Others,F15_TrfSkills_to_WorkAct
2.B.1.c,Persuasion,Transferable Skills,4.A.4.b.2,Developing and Building Teams,F15_TrfSkills_to_WorkAct
2.B.1.c,Persuasion,Transferable Skills,4.A.4.b.4,"Guiding, Directing, and Motivating Subordinates",F15_TrfSkills_to_WorkAct
2.B.1.c,Persuasion,Transferable Skills,4.A.4.b.5,Coaching and Developing Others,F15_TrfSkills_to_WorkAct
2.B.1.c,Persuasion,Transferable Skills,4.A.4.b.6,Providing Consultation and Advice to Others,F15_TrfSkills_to_WorkAct
2.B.1.c,Persuasion,Transferable Skills,4.A.4.c.2,Staffing Organizational Units,F15_TrfSkills_to_WorkAct
2.B.1.d,Negotiation,Transferable Skills,4.A.4.a.7,Resolving Conflicts and Negotiating with Others,F15_TrfSkills_to_WorkAct
2.B.1.d,Negotiation,Transferable Skills,4.A.4.b.1,Coordinating the Work and Activities of Others,F15_TrfSkills_to_WorkAct
2.B.1.d,Negotiation,Transferable Skills,4.A.4.b.2,Developing and Building Teams,F15_TrfSkills_to_WorkAct
2.B.1.d,Negotiation,Transferable Skills,4.A.4.b.4,"Guiding, Directing, and Motivating Subordinates",F15_TrfSkills_to_WorkAct
2.B.1.d,Negotiation,Transferable Skills,4.A.4.c.2,Staffing Organizational Units,F15_TrfSkills_to_WorkAct
2.B.1.e,Instructing,Transferable Skills,4.A.3.b.2,"Drafting, Laying Out, and Specifying Technical Devices, Parts, and Equipment",F15_TrfSkills_to_WorkAct
2.B.1.e,Instructing,Transferable Skills,4.A.4.a.1,Interpreting the Meaning of Information for Others,F15_TrfSkills_to_WorkAct
2.B.1.e,Instructing,Transferable Skills,4.A.4.b.3,Training and Teaching Others,F15_TrfSkills_to_WorkAct
2.B.1.e,Instructing,Transferable Skills,4.A.4.b.4,"Guiding, Directing, and Motivating Subordinates",F15_TrfSkills_to_WorkAct
2.B.1.e,Instructing,Transferable Skills,4.A.4.b.5,Coaching and Developing Others,F15_TrfSkills_to_WorkAct
2.B.1.e,Instructing,Transferable Skills,4.A.4.b.6,Providing Consultation and Advice to Others,F15_TrfSkills_to_WorkAct
2.B.1.f,Service Orientation,Transferable Skills,4.A.4.a.3,Communicating with People Outside the Organization,F15_TrfSkills_to_WorkAct
2.B.1.f,Service Orientation,Transferable Skills,4.A.4.a.4,Establishing and Maintaining Interpersonal Relationships,F15_TrfSkills_to_WorkAct
2.B.1.f,Service Orientation,Transferable Skills,4.A.4.a.5,Assisting and Caring for Others,F15_TrfSkills_to_WorkAct
2.B.1.f,Service Orientation,Transferable Skills,4.A.4.a.6,Selling or Influencing Others,F15_TrfSkills_to_WorkAct
2.B.1.f,Service Orientation,Transferable Skills,4.A.4.a.7,Resolving Conflicts and Negotiating with Others,F15_TrfSkills_to_WorkAct
2.B.1.f,Service Orientation,Transferable Skills,4.A.4.a.8,Performing for or Working Directly with the Public,F15_TrfSkills_to_WorkAct
2.B.1.f,Service Orientation,Transferable Skills,4.A.4.b.1,Coordinating the Work and Activities of Others,F15_TrfSkills_to_WorkAct
2.B.1.f,Service Orientation,Transferable Skills,4.A.4.b.2,Developing and Building Teams,F15_TrfSkills_to_WorkAct
2.B.1.f,Service Orientation,Transferable Skills,4.A.4.b.3,Training and Teaching Others,F15_TrfSkills_to_WorkAct
2.B.1.f,Service Orientation,Transferable Skills,4.A.4.b.4,"Guiding, Directing, and Motivating Subordinates",F15_TrfSkills_to_WorkAct
2.B.1.f,Service Orientation,Transferable Skills,4.A.4.b.5,Coaching and Developing Others,F15_TrfSkills_to_WorkAct
2.B.1.f,Service Orientation,Transferable Skills,4.A.4.b.6,Providing Consultation and Advice to Others,F15_TrfSkills_to_WorkAct
2.B.2.i,Complex Problem Solving,Transferable Skills,4.A.2.b.1,Making Decisions and Solving Problems,F15_TrfSkills_to_WorkAct
2.B.2.i,Complex Problem Solving,Transferable Skills,4.A.2.b.4,Developing Objectives and Strategies,F15_TrfSkills_to_WorkAct
2.B.2.i,Complex Problem Solving,Transferable Skills,4.A.2.b.6,"Organizing, Planning, and Prioritizing Work",F15_TrfSkills_to_WorkAct
2.B.2.i,Complex Problem Solving,Transferable Skills,4.A.3.b.1,Working with Computers,F15_TrfSkills_to_WorkAct
2.B.2.i,Complex Problem Solving,Transferable Skills,4.A.3.b.4,Repairing and Maintaining Mechanical Equipment,F15_TrfSkills_to_WorkAct
2.B.2.i,Complex Problem Solving,Transferable Skills,4.A.3.b.5,Repairing and Maintaining Electronic Equipment,F15_TrfSkills_to_WorkAct
2.B.2.i,Complex Problem Solving,Transferable Skills,4.A.4.b.6,Providing Consultation and Advice to Others,F15_TrfSkills_to_WorkAct
2.B.2.i,Complex Problem Solving,Transferable Skills,4.A.4.c.3,Monitoring and Controlling Resources,F15_TrfSkills_to_WorkAct
2.B.3.b,Technology Design,Transferable Skills,4.A.2.b.2,Thinking Creatively,F15_TrfSkills_to_WorkAct
2.B.3.c,Equipment Selection,Transferable Skills,4.A.3.b.4,Repairing and Maintaining Mechanical Equipment,F15_TrfSkills_to_WorkAct
2.B.3.c,Equipment Selection,Transferable Skills,4.A.3.b.5,Repairing and Maintaining Electronic Equipment,F15_TrfSkills_to_WorkAct
2.B.3.e,Programming,Transferable Skills,4.A.3.b.1,Working with Computers,F15_TrfSkills_to_WorkAct
2.B.3.g,Operations Monitoring,Transferable Skills,4.A.1.a.2,"Monitoring Processes, Materials, or Surroundings",F15_TrfSkills_to_WorkAct
2.B.3.g,Operations Monitoring,Transferable Skills,4.A.1.b.2,"Inspecting Equipment, Structures, or Materials",F15_TrfSkills_to_WorkAct
2.B.3.g,Operations Monitoring,Transferable Skills,4.A.3.a.3,Controlling Machines and Processes,F15_TrfSkills_to_WorkAct
2.B.3.g,Operations Monitoring,Transferable Skills,4.A.3.a.4,"Operating Vehicles, Mechanized Devices, or Equipment",F15_TrfSkills_to_WorkAct
2.B.3.g,Operations Monitoring,Transferable Skills,4.A.3.b.4,Repairing and Maintaining Mechanical Equipment,F15_TrfSkills_to_WorkAct
2.B.3.g,Operations Monitoring,Transferable Skills,4.A.3.b.5,Repairing and Maintaining Electronic Equipment,F15_TrfSkills_to_WorkAct
2.B.3.h,Operation and Control,Transferable Skills,4.A.3.a.3,Controlling Machines and Processes,F15_TrfSkills_to_WorkAct
2.B.3.h,Operation and Control,Transferable Skills,4.A.3.a.4,"Operating Vehicles, Mechanized Devices, or Equipment",F15_TrfSkills_to_WorkAct
2.B.3.j,Equipment Maintenance,Transferable Skills,4.A.3.b.4,Repairing and Maintaining Mechanical Equipment,F15_TrfSkills_to_WorkAct
2.B.3.j,Equipment Maintenance,Transferable Skills,4.A.3.b.5,Repairing and Maintaining Electronic Equipment,F15_TrfSkills_to_WorkAct
2.B.3.k,Troubleshooting,Transferable Skills,4.A.1.b.2,"Inspecting Equipment, Structures, or Materials",F15_TrfSkills_to_WorkAct
2.B.3.k,Troubleshooting,Transferable Skills,4.A.3.b.4,Repairing and Maintaining Mechanical Equipment,F15_TrfSkills_to_WorkAct
2.B.3.k,Troubleshooting,Transferable Skills,4.A.3.b.5,Repairing and Maintaining Electronic Equipment,F15_TrfSkills_to_WorkAct
2.B.3.l,Repairing,Transferable Skills,4.A.3.b.4,Repairing and Maintaining Mechanical Equipment,F15_TrfSkills_to_WorkAct
2.B.3.l,Repairing,Transferable Skills,4.A.3.b.5,Repairing and Maintaining Electronic Equipment,F15_TrfSkills_to_WorkAct
2.B.3.m,Quality Control Analysis,Transferable Skills,4.A.1.b.2,"Inspecting Equipment, Structures, or Materials",F15_TrfSkills_to_WorkAct
2.B.3.m,Quality Control Analysis,Transferable Skills,4.A.3.b.4,Repairing and Maintaining Mechanical Equipment,F15_TrfSkills_to_WorkAct
2.B.3.m,Quality Control Analysis,Transferable Skills,4.A.3.b.5,Repairing and Maintaining Electronic Equipment,F15_TrfSkills_to_WorkAct
2.B.4.e,Judgment and Decision Making,Transferable Skills,4.A.1.b.3,"Estimating the Quantifiable Characteristics of Products, Events, or Information",F15_TrfSkills_to_WorkAct
2.B.4.e,Judgment and Decision Making,Transferable Skills,4.A.2.b.1,Making Decisions and Solving Problems,F15_TrfSkills_to_WorkAct
2.B.4.e,Judgment and Decision Making,Transferable Skills,4.A.2.b.4,Developing Objectives and Strategies,F15_TrfSkills_to_WorkAct
2.B.4.e,Judgment and Decision Making,Transferable Skills,4.A.2.b.6,"Organizing, Planning, and Prioritizing Work",F15_TrfSkills_to_WorkAct
2.B.4.e,Judgment and Decision Making,Transferable Skills,4.A.4.b.3,Training and Teaching Others,F15_TrfSkills_to_WorkAct
2.B.4.e,Judgment and Decision Making,Transferable Skills,4.A.4.b.6,Providing Consultation and Advice to Others,F15_TrfSkills_to_WorkAct
2.B.4.e,Judgment and Decision Making,Transferable Skills,4.A.4.c.2,Staffing Organizational Units,F15_TrfSkills_to_WorkAct
2.B.4.e,Judgment and Decision Making,Transferable Skills,4.A.4.c.3,Monitoring and Controlling Resources,F15_TrfSkills_to_WorkAct
2.B.4.g,Systems Analysis,Transferable Skills,4.A.2.b.4,Developing Objectives and Strategies,F15_TrfSkills_to_WorkAct
2.B.4.g,Systems Analysis,Transferable Skills,4.A.2.b.6,"Organizing, Planning, and Prioritizing Work",F15_TrfSkills_to_WorkAct
2.B.4.g,Systems Analysis,Transferable Skills,4.A.3.b.1,Working with Computers,F15_TrfSkills_to_WorkAct
2.B.4.g,Systems Analysis,Transferable Skills,4.A.4.b.6,Providing Consultation and Advice to Others,F15_TrfSkills_to_WorkAct
2.B.4.h,Systems Evaluation,Transferable Skills,4.A.2.b.1,Making Decisions and Solving Problems,F15_TrfSkills_to_WorkAct
2.B.4.h,Systems Evaluation,Transferable Skills,4.A.2.b.4,Developing Objectives and Strategies,F15_TrfSkills_to_WorkAct
2.B.4.h,Systems Evaluation,Transferable Skills,4.A.4.b.6,Providing Consultation and Advice to Others,F15_TrfSkills_to_WorkAct
2.B.5.a,Time Management,Transferable Skills,4.A.2.b.3,Updating and Using Relevant Knowledge,F15_TrfSkills_to_WorkAct
2.B.5.a,Time Management,Transferable Skills,4.A.2.b.5,Scheduling Work and Activities,F15_TrfSkills_to_WorkAct
2.B.5.a,Time Management,Transferable Skills,4.A.2.b.6,"Organizing, Planning, and Prioritizing Work",F15_TrfSkills_to_WorkAct
2.B.5.a,Time Management,Transferable Skills,4.A.4.b.1,Coordinating the Work and Activities of Others,F15_TrfSkills_to_WorkAct
2.B.5.a,Time Management,Transferable Skills,4.A.4.b.4,"Guiding, Directing, and Motivating Subordinates",F15_TrfSkills_to_WorkAct
2.B.5.a,Time Management,Transferable Skills,4.A.4.c.1,Performing Administrative Activities,F15_TrfSkills_to_WorkAct
2.B.5.b,Management of Financial Resources,Transferable Skills,4.A.1.b.3,"Estimating the Quantifiable Characteristics of Products, Events, or Information",F15_TrfSkills_to_WorkAct
2.B.5.b,Management of Financial Resources,Transferable Skills,4.A.4.c.3,Monitoring and Controlling Resources,F15_TrfSkills_to_WorkAct
2.B.5.c,Management of Material Resources,Transferable Skills,4.A.1.b.3,"Estimating the Quantifiable Characteristics of Products, Events, or Information",F15_TrfSkills_to_WorkAct
2.B.5.c,Management of Material Resources,Transferable Skills,4.A.4.c.3,Monitoring and Controlling Resources,F15_TrfSkills_to_WorkAct
2.B.5.d,Management of Personnel Resources,Transferable Skills,4.A.2.b.5,Scheduling Work and Activities,F15_TrfSkills_to_WorkAct
2.B.5.d,Management of Personnel Resources,Transferable Skills,4.A.4.b.1,Coordinating the Work and Activities of Others,F15_TrfSkills_to_WorkAct
2.B.5.d,Management of Personnel Resources,Transferable Skills,4.A.4.b.2,Developing and Building Teams,F15_TrfSkills_to_WorkAct
2.B.5.d,Management of Personnel Resources,Transferable Skills,4.A.4.b.3,Training and Teaching Others,F15_TrfSkills_to_WorkAct
2.B.5.d,Management of Personnel Resources,Transferable Skills,4.A.4.b.4,"Guiding, Directing, and Motivating Subordinates",F15_TrfSkills_to_WorkAct
2.B.5.d,Management of Personnel Resources,Transferable Skills,4.A.4.b.5,Coaching and Developing Others,F15_TrfSkills_to_WorkAct
2.B.5.d,Management of Personnel Resources,Transferable Skills,4.A.4.c.2,Staffing Organizational Units,F15_TrfSkills_to_WorkAct
2.B.5.d,Management of Personnel Resources,Transferable Skills,4.A.4.c.3,Monitoring and Controlling Resources,F15_TrfSkills_to_WorkAct
