old_url,researcher_result,corrected_url,status,confidence,evidence
https://academy.tricentis.com/,,,unreadable,low,Old URL returns JS 'Loading' shell only. tricentis.com/academy (fetched) links Tosca training to academy.tricentis.com and promotes the Automation Specialist learning path; no exact AS1 page confirmed
https://certification-learning.hpe.com/tr/datasheet/certification/ACA-Switch,,,unreadable,medium,Old URL timed out on fetch; both datasheet and datacard URLs appear in search results titled 'HPE Aruba Networking Certified Associate - Switching' (exam HPE6-A86 per third-party sources); datacard fetch returned only a shell title
https://education.oracle.com/oracle-certification-path/pFamily_48,,,moved,medium,Old URL 403. Oracle University blog (fetched) gives this as the exam page for 1Z0-830; page itself returned empty/unreadable via fetch
https://education.oracle.com/oracle-database-administration-2019-certified-professional/trackp_DBA19OCP,,,unreadable,low,Old URL 403. Search shows Oracle MyLearn exam page for 1Z0-082 (first exam of the track); MyLearn fetch returned only shell metadata. No track page URL confirmed
https://education.oracle.com/oracle-database-sql/pexam_1Z0-071,,,moved,medium,Old URL 403. Search result 'Exam 1Z0-071: Oracle Database SQL - Oracle MyLearn'; fetch returned only shell metadata
https://isqi.org/en/certification/a4q-selenium-tester-foundation,LIVE,https://isqi.org/A4Q-Certified-Selenium-4-Tester-Foundation-v3.0/CSeT-4F,moved,high,Old URL 404. iSQI legacy page (fetched) states Selenium 3 syllabus superseded from 12 Apr 2023 by A4Q Certified Selenium 4 Tester Foundation v3.0 (link given); legacy page https://isqi.org/A4Q-Certified-Selenium-Tester-Foundation/CSeT-F still readable
https://learn.getdbt.com/,,,moved,medium,Root is a JS-only shell. Search result 'dbt Fundamentals - dbt Learn' at this URL (also dbt-fundamentals-vs-code variant); fetch shows JS-only shell so details unverified
https://learn.mongodb.com/pages/mongodb-associate-database-administrator-exam,,,moved,medium,"Old URL loads only a JS shell. Search result 'MongoDB Associate DBA Course Exam' at new URL; truecert.co (fetched) says Associate DBA exam still active in 2026, $150 per attempt"
https://learn.mongodb.com/pages/mongodb-associate-developer-exam,,,unreadable,low,"Old URL loads only a JS shell. Exam active per truecert.co ($150); exact new exam page URL not found in results, certification-program page is JS-only"
https://learningportal.juniper.net/,LIVE,https://learningportal.juniper.net/juniper/user_activity_info.aspx?id=10179,moved,medium,"Root page lists no IJOS course. Fetched page 'Sneakpeek: Introduction to the Junos Operating System (IJOS) On-Demand' is self-paced, foundational, lab-based"
https://nowlearning.servicenow.com/,,,moved,medium,Old domain returns only title shell. Search result 'ServiceNow Fundamentals - Now Learning' on learning.servicenow.com; not fetched
https://www.accessibilityassociation.org/s/certified-professional,,,moved,medium,Old URL is shell with no CPACC content. Search result 'CPACC' at this URL; fetch returned shell only
https://www.accessibilityassociation.org/s/wascertification,,,unreadable,low,Old URL shell with no WAS content. Search shows WAS Body of Knowledge (Oct 2024) PDF; no WAS landing page URL found (not fetched)
https://www.cloudskillsboost.google/paths/34,,,moved,medium,"Old URL 403. paths/15 (cloudskillsboost redirects to skills.google) fetched: 'Professional Security Engineer Certification', 25 activities. Mapping from paths/34 is inferred by title, not confirmed"
https://www.coursera.org/specializations/website-development,,,unreadable,low,"Old URL fetch returned only generic Coursera homepage content. Search lists same slug on www-china host; Class Central says offered by Goldsmiths, University of London; hours not verified"
https://www.istqb.org/certifications/performance-testing,LIVE,https://istqb.org/certifications/certified-tester-performance-testing-ct-pt/,moved,high,"Old URL 404. New page fetched: Certified Tester Performance Testing; 40 questions, 90 min, pass 26/40; requires Foundation"
https://www.juniper.net/us/en/training/certification.html,,,moved,medium,"Old URL returned 503. Search: 'Junos, Associate (JNCIA-Junos) Certification Overview'; fetch redirects (302) to learningportal.juniper.net id=14354, not followed"
https://www.netacad.com/courses/switching-routing-wireless-essentials,LIVE,https://www.netacad.com/courses/ccna-switching-routing-wireless-essentials?courseLang=en-US,moved,medium,"Old URL JS shell. New URL fetched: 'CCNA: Switching, Routing, and Wireless Essentials'; hours not shown (JS)"
https://www.offsec.com/courses/web-200/,,,unreadable,medium,"Fetch hits JS redirect challenge. Same URL appears in search as 'Get your OSWA Certification with WEB-200', so likely still valid"
https://www.peoplecert.org/browse-certifications/it-governance-and-service-management/ITIL,LIVE,https://www.peoplecert.org/browse-certifications/it-governance-and-service-management/ITIL-1/itil-4-foundation-2565,moved,high,"Old URL 500. New page fetched: ITIL 4 Foundation, 40 Q / 60 min, 65% pass; family hub is .../ITIL-1"
https://www.peoplecert.org/browse-certifications/project-programme-and-portfolio-management/PRINCE2,LIVE,https://www.peoplecert.org/browse-certifications/project-programme-and-portfolio-management/PRINCE2-2,moved,high,Old URL 500. New hub fetched: PRINCE2 Foundation and Practitioner (Version 7); Foundation from US$701
https://www.redhat.com/en/services/certification/rhce,,,moved,medium,Old URL now generic certifications overview. Fetched new page: RHCE in Enterprise Linux requires RHCSA and EX342; legacy EX294 is now the Ansible exam
https://www.scrum.org/assessments/professional-scrum-developer-i-assessment,,,moved,medium,Old URL returned empty. Search result 'Professional Scrum Developer Certification'; fetch of new URL also empty
https://www.scrum.org/assessments/professional-scrum-master-i-assessment,,,moved,medium,Old URL returned empty. Search result 'Professional Scrum Master I Certification'; fetch empty
https://www.scrum.org/assessments/professional-scrum-product-owner-i-assessment,,,moved,medium,Old URL returned empty. Search result 'Professional Scrum Product Owner I Certification'; fetch empty
https://www.tableau.com/learn/certification/certified-data-analyst,LIVE,https://trailheadacademy.salesforce.com/certificate/exam-tableau-data-analyst---Analytics-DA-201,moved,medium,"Old URL 302-redirects here (Salesforce Certified Tableau Data Analyst, Analytics-DA-201); target is JS shell. Trailhead prep page fetched: 60 Q, 65% pass, $200"
https://www.tableau.com/learn/certification/desktop-specialist,,,moved,medium,Old URL 302-redirects here; renamed Salesforce Certified Tableau Desktop Foundations (Analytics-101); target is JS shell
https://www.udacity.com/course/build-native-mobile-apps-with-flutter--ud905,,,not_found,high,Fetch returns generic Udacity programming catalog page with no Flutter course
