item_id,role_id,item_type,title,provider,source_url,exam_code,competency_ids_l1,verification_status,reviewer_result,verified_date,reviewer_note
CRT-R01-04,R01,certification,Oracle Certified Professional: Java SE 21 Developer,Oracle,https://education.oracle.com/oracle-certification-path/pFamily_48,1Z0-830,REQ-R01-2.A.2.a|REQ-R01-2.B.2.i|REQ-R01-2.B.3.e|REQ-R01-2.C.3.a,pending_verification,,,
CRT-R01-10,R01,certification,Professional Scrum Developer I (PSD I),Scrum.org,https://www.scrum.org/assessments/professional-scrum-developer-i-assessment,PSD I,REQ-R01-2.A.1.b|REQ-R01-4.A.2.b.6|REQ-R01-4.A.4.a.2|REQ-R01-4.A.4.a.4,pending_verification,,,
CRT-R02-05,R02,certification,IAAP Web Accessibility Specialist (WAS),International Association of Accessibility Professionals,https://www.accessibilityassociation.org/s/wascertification,WAS,REQ-R02-2.A.1.a|REQ-R02-2.A.2.a|REQ-R02-4.A.2.a.3|REQ-R02-4.A.3.b.6,pending_verification,,,
CRT-R02-10,R02,certification,MongoDB Associate Developer,MongoDB,https://learn.mongodb.com/pages/mongodb-associate-developer-exam,C100DEV,REQ-R02-2.B.3.e|REQ-R02-2.C.3.a|REQ-R02-4.A.2.a.2|REQ-R02-4.A.2.a.4,pending_verification,,,
CRS-R02-07,R02,course,Responsive Website Development and Design Specialization,University of London,https://www.coursera.org/specializations/website-development,,REQ-R02-2.C.3.a|REQ-R02-4.A.2.a.3|REQ-R02-4.A.2.a.4|REQ-R02-4.A.2.b.2,pending_verification,,,
CRT-R03-01,R03,certification,Oracle Certified Professional: Java SE 21 Developer,Oracle,https://education.oracle.com/oracle-certification-path/pFamily_48,1Z0-830,REQ-R03-2.A.2.a|REQ-R03-2.B.2.i|REQ-R03-2.B.3.e|REQ-R03-2.C.3.a,pending_verification,,,
CRT-R03-09,R03,certification,Professional Scrum Developer I (PSD I),Scrum.org,https://www.scrum.org/assessments/professional-scrum-developer-i-assessment,PSD I,REQ-R03-4.A.2.b.6|REQ-R03-4.A.4.a.2|REQ-R03-4.A.4.a.4,pending_verification,,,
CRS-R03-06,R03,course,Flutter Development Bootcamp / Build Native Mobile Apps with Flutter,Google,https://www.udacity.com/course/build-native-mobile-apps-with-flutter--ud905,,REQ-R03-2.B.2.i|REQ-R03-2.B.3.e|REQ-R03-2.C.3.a|REQ-R03-4.A.2.b.2,pending_verification,,,
CRT-R04-04,R04,certification,ISTQB Certified Tester – Performance Testing (CT-PT),ISTQB,https://www.istqb.org/certifications/performance-testing,CT-PT,REQ-R04-2.B.3.m|REQ-R04-4.A.1.a.2|REQ-R04-4.A.2.a.2|REQ-R04-4.A.2.a.4,pending_verification,,,
CRT-R04-08,R04,certification,A4Q Selenium Tester Foundation,Alliance for Qualification (A4Q),https://isqi.org/en/certification/a4q-selenium-tester-foundation,A4Q Selenium,REQ-R04-2.B.3.e|REQ-R04-2.B.3.m|REQ-R04-4.A.3.b.1,pending_verification,,,
CRT-R04-09,R04,certification,Tricentis Automation Specialist Level 1,Tricentis,https://academy.tricentis.com/,AS1,REQ-R04-2.B.3.e|REQ-R04-2.B.3.m|REQ-R04-4.A.2.a.3|REQ-R04-4.A.3.b.1,pending_verification,,,
CRT-R04-10,R04,certification,Professional Scrum Developer I (PSD I),Scrum.org,https://www.scrum.org/assessments/professional-scrum-developer-i-assessment,PSD I,REQ-R04-2.B.3.m|REQ-R04-4.A.2.b.6|REQ-R04-4.A.4.a.2|REQ-R04-4.A.4.a.4,pending_verification,,,
CRT-R05-04,R05,certification,IAAP Certified Professional in Accessibility Core Competencies (CPACC),International Association of Accessibility Professionals,https://www.accessibilityassociation.org/s/certified-professional,CPACC,REQ-R05-2.A.1.a|REQ-R05-4.A.2.a.3|REQ-R05-4.A.3.b.6,pending_verification,,,
CRT-R05-05,R05,certification,IAAP Web Accessibility Specialist (WAS),International Association of Accessibility Professionals,https://www.accessibilityassociation.org/s/wascertification,WAS,REQ-R05-2.A.2.a|REQ-R05-4.A.2.a.3|REQ-R05-4.A.3.b.6,pending_verification,,,
CRT-R05-10,R05,certification,Professional Scrum Product Owner I (PSPO I),Scrum.org,https://www.scrum.org/assessments/professional-scrum-product-owner-i-assessment,PSPO I,REQ-R05-2.B.4.e|REQ-R05-4.A.2.b.4|REQ-R05-4.A.4.a.1|REQ-R05-4.A.4.a.2|REQ-R05-4.A.4.a.4,pending_verification,,,
CRS-R08-08,R08,course,dbt Fundamentals,dbt Labs,https://learn.getdbt.com/,,REQ-R08-2.B.3.e|REQ-R08-4.A.2.a.2|REQ-R08-4.A.2.a.3|REQ-R08-4.A.3.b.6,pending_verification,,,
CRT-R09-03,R09,certification,Tableau Certified Data Analyst,Tableau (Salesforce),https://www.tableau.com/learn/certification/certified-data-analyst,Certified Data Analyst,REQ-R09-4.A.2.a.2|REQ-R09-4.A.2.a.4|REQ-R09-4.A.2.b.2|REQ-R09-4.A.4.a.1,pending_verification,,,
CRT-R09-04,R09,certification,Tableau Desktop Specialist,Tableau (Salesforce),https://www.tableau.com/learn/certification/desktop-specialist,Desktop Specialist,REQ-R09-4.A.2.a.4|REQ-R09-4.A.3.b.1|REQ-R09-4.A.4.a.1,pending_verification,,,
CRT-R10-02,R10,certification,Oracle Database Administration 2019 Certified Professional,Oracle,https://education.oracle.com/oracle-database-administration-2019-certified-professional/trackp_DBA19OCP,1Z0-083,REQ-R10-2.B.4.e|REQ-R10-2.C.3.a|REQ-R10-4.A.1.a.2|REQ-R10-4.A.2.a.3,pending_verification,,,
CRT-R10-03,R10,certification,Oracle Database SQL Certified Associate,Oracle,https://education.oracle.com/oracle-database-sql/pexam_1Z0-071,1Z0-071,REQ-R10-2.B.3.e|REQ-R10-2.C.3.a|REQ-R10-4.A.2.a.2,pending_verification,,,
CRT-R10-04,R10,certification,MongoDB Associate Database Administrator,MongoDB,https://learn.mongodb.com/pages/mongodb-associate-database-administrator-exam,C100DBA,REQ-R10-2.C.3.a|REQ-R10-4.A.1.a.2|REQ-R10-4.A.2.a.3,pending_verification,,,
CRS-R12-08,R12,course,Google Cloud Security Engineer Learning Path,Google Cloud,https://www.cloudskillsboost.google/paths/34,,REQ-R12-2.B.4.g|REQ-R12-2.C.3.a|REQ-R12-4.A.1.a.2|REQ-R12-4.A.2.a.3,pending_verification,,,
CRT-R13-02,R13,certification,OffSec Web Assessor (OSWA),OffSec,https://www.offsec.com/courses/web-200/,OSWA,REQ-R13-2.A.1.c|REQ-R13-2.A.2.a|REQ-R13-2.B.2.i|REQ-R13-2.B.3.e,pending_verification,,,
CRT-R15-05,R15,certification,Juniper Networks Certified Associate – Junos (JNCIA-Junos),Juniper Networks,https://www.juniper.net/us/en/training/certification.html,JN0-105,REQ-R15-2.C.3.a|REQ-R15-2.C.9.a|REQ-R15-4.A.3.b.1,pending_verification,,,
CRT-R15-10,R15,certification,HPE Aruba Networking Certified Associate – Switching,HPE Aruba Networking,https://certification-learning.hpe.com/tr/datasheet/certification/ACA-Switch,ACSA,REQ-R15-2.C.3.a|REQ-R15-2.C.9.a|REQ-R15-4.A.3.b.1,pending_verification,,,
CRS-R15-04,R15,course,"CCNA: Switching, Routing, and Wireless Essentials",Cisco Networking Academy,https://www.netacad.com/courses/switching-routing-wireless-essentials,,REQ-R15-2.C.3.a|REQ-R15-2.C.3.b|REQ-R15-2.C.9.a|REQ-R15-4.A.1.a.2,pending_verification,,,
CRS-R15-05,R15,course,Introduction to Junos,Juniper Networks,https://learningportal.juniper.net/,,REQ-R15-2.C.3.a|REQ-R15-2.C.3.b|REQ-R15-2.C.9.a|REQ-R15-4.A.3.b.1,pending_verification,,,
CRT-R17-08,R17,certification,Red Hat Certified Engineer (RHCE),Red Hat,https://www.redhat.com/en/services/certification/rhce,EX294,REQ-R17-2.B.3.e|REQ-R17-2.B.3.k|REQ-R17-2.C.3.a|REQ-R17-4.A.1.a.2|REQ-R17-4.A.3.b.1,pending_verification,,,
CRT-R18-10,R18,certification,Professional Scrum Product Owner I (PSPO I),Scrum.org,https://www.scrum.org/assessments/professional-scrum-product-owner-i-assessment,PSPO I,REQ-R18-2.A.1.b|REQ-R18-2.B.4.e|REQ-R18-4.A.2.b.4|REQ-R18-4.A.4.a.1|REQ-R18-4.A.4.a.4,pending_verification,,,
CRS-R18-09,R18,course,ServiceNow Fundamentals (Now Learning),ServiceNow,https://nowlearning.servicenow.com/,,REQ-R18-2.B.4.g|REQ-R18-2.C.1.e|REQ-R18-4.A.3.b.1|REQ-R18-4.A.3.b.6,pending_verification,,,
CRT-R19-04,R19,certification,PRINCE2 Foundation,PeopleCert (AXELOS),https://www.peoplecert.org/browse-certifications/project-programme-and-portfolio-management/PRINCE2,PRINCE2 Foundation,REQ-R19-4.A.2.b.6|REQ-R19-4.A.3.b.6,pending_verification,,,
CRT-R19-05,R19,certification,PRINCE2 Practitioner,PeopleCert (AXELOS),https://www.peoplecert.org/browse-certifications/project-programme-and-portfolio-management/PRINCE2,PRINCE2 Practitioner,REQ-R19-4.A.2.b.4|REQ-R19-4.A.2.b.6|REQ-R19-4.A.4.c.3,pending_verification,,,
CRT-R19-07,R19,certification,Professional Scrum Master I (PSM I),Scrum.org,https://www.scrum.org/assessments/professional-scrum-master-i-assessment,PSM I,REQ-R19-2.A.1.a|REQ-R19-2.A.1.b|REQ-R19-2.B.1.b|REQ-R19-4.A.4.a.4,pending_verification,,,
CRS-R19-08,R19,course,PRINCE2 Foundation Training,PeopleCert (AXELOS),https://www.peoplecert.org/browse-certifications/project-programme-and-portfolio-management/PRINCE2,,REQ-R19-4.A.2.b.4|REQ-R19-4.A.2.b.6|REQ-R19-4.A.3.b.6,pending_verification,,,
CRT-R20-05,R20,certification,ITIL 4 Managing Professional,PeopleCert (AXELOS),https://www.peoplecert.org/browse-certifications/it-governance-and-service-management/ITIL,ITIL 4 MP,REQ-R20-2.C.1.a|REQ-R20-4.A.2.b.4|REQ-R20-4.A.4.b.1,pending_verification,,,
CRS-R20-06,R20,course,ITIL 4 Foundation Training,PeopleCert (AXELOS),https://www.peoplecert.org/browse-certifications/it-governance-and-service-management/ITIL,,REQ-R20-2.C.1.a|REQ-R20-2.C.1.e|REQ-R20-4.A.2.a.3|REQ-R20-4.A.2.b.4,pending_verification,,,
