run_id,requirement_id,element_id,element_name,domain,weight,final_status,agreement_level,n_usable_models,rule_flags,evidence_quote,evidence_char_start,evidence_char_end,evidence_source,created_at
RUN-20261001100000-84e93a84,REQ-R01-2.C.3.a,2.C.3.a,Computers and Electronics,Knowledge,0.041304,evidenced,1,3,,Maintained operating system images and server hardware inventory for 120 Linux and Windows hosts.,587,684,models,2026-10-01T10:00:00+07:00
RUN-20261001100000-84e93a84,REQ-R01-4.A.3.b.1,4.A.3.b.1,Working with Computers,Work Activities,0.040087,evidenced,1,3,,Configured Linux servers and set up computer systems networks for the staging and production environments.,478,584,models,2026-10-01T10:00:00+07:00
RUN-20261001100000-84e93a84,REQ-R01-4.A.2.a.2,4.A.2.a.2,Processing Information,Work Activities,0.038087,evidenced,1,3,,Designed an ETL pipeline that transformed data from five source systems into a PostgreSQL warehouse.,687,787,models,2026-10-01T10:00:00+07:00
RUN-20261001100000-84e93a84,REQ-R01-4.A.2.b.1,4.A.2.b.1,Making Decisions and Solving Problems,Work Activities,0.037739,evidenced,1,3,,Diagnosed production problems during on-call rotations and applied problem solving to restore service within SLA.,790,903,models,2026-10-01T10:00:00+07:00
RUN-20261001100000-84e93a84,REQ-R01-4.A.2.b.2,4.A.2.b.2,Thinking Creatively,Work Activities,0.037652,evidenced,1,3,,Designed databases and REST APIs for a new loyalty application from scratch.,1151,1227,models,2026-10-01T10:00:00+07:00
RUN-20261001100000-84e93a84,REQ-R01-4.A.4.a.2,4.A.4.a.2,"Communicating with Supervisors, Peers, or Subordinates",Work Activities,0.036783,evidenced,1,3,,Coordinated with product owners and QA peers in daily stand-up meetings to report progress and blockers.,1654,1758,models,2026-10-01T10:00:00+07:00
RUN-20261001100000-84e93a84,REQ-R01-4.A.2.a.4,4.A.2.a.4,Analyzing Data or Information,Work Activities,0.036522,evidenced,1,3,,"Analyzed API latency data and query plans to identify slow endpoints, improving p95 response time by 35 percent.",1539,1651,models,2026-10-01T10:00:00+07:00
RUN-20261001100000-84e93a84,REQ-R01-4.A.2.b.3,4.A.2.b.3,Updating and Using Relevant Knowledge,Work Activities,0.035652,missing,1,3,,,-1,-1,,2026-10-01T10:00:00+07:00
RUN-20261001100000-84e93a84,REQ-R01-4.A.2.b.6,4.A.2.b.6,"Organizing, Planning, and Prioritizing Work",Work Activities,0.035304,evidenced,1,3,,Organized sprint backlog grooming and prioritized technical debt items with the team lead.,1761,1851,models,2026-10-01T10:00:00+07:00
RUN-20261001100000-84e93a84,REQ-R01-4.A.1.a.1,4.A.1.a.1,Getting Information,Work Activities,0.03513,missing,1,3,,,-1,-1,,2026-10-01T10:00:00+07:00
RUN-20261001100000-84e93a84,REQ-R01-2.B.3.e,2.B.3.e,Programming,Transferable Skills,0.034783,evidenced,1,3,,Built and deployed a Python programming service for batch data processing used by 40 internal teams.,375,475,models,2026-10-01T10:00:00+07:00
RUN-20261001100000-84e93a84,REQ-R01-4.A.2.a.3,4.A.2.a.3,Evaluating Information to Determine Compliance with Standards,Work Activities,0.034261,partially,1,3,,Familiar with code review checklists and audit logging requirements.,2188,2256,models,2026-10-01T10:00:00+07:00
RUN-20261001100000-84e93a84,REQ-R01-2.A.2.a,2.A.2.a,Critical Thinking,Essential Skills,0.033739,partially,0.6667,3,,"Skills: critical thinking, teamwork, time management.",2259,2312,models,2026-10-01T10:00:00+07:00
RUN-20261001100000-84e93a84,REQ-R01-4.A.3.b.6,4.A.3.b.6,Documenting/Recording Information,Work Activities,0.03287,evidenced,1,3,,Wrote documentation and runbooks for deployment procedures that reduced onboarding time for new engineers.,1230,1336,models,2026-10-01T10:00:00+07:00
RUN-20261001100000-84e93a84,REQ-R01-4.A.2.b.4,4.A.2.b.4,Developing Objectives and Strategies,Work Activities,0.032696,missing,1,3,B:R3b_unrelated,,-1,-1,,2026-10-01T10:00:00+07:00
RUN-20261001100000-84e93a84,REQ-R01-4.A.1.a.2,4.A.1.a.2,"Monitoring Processes, Materials, or Surroundings",Work Activities,0.032174,evidenced,1,3,,Set up observability dashboards and alerting in Grafana and monitored systems for latency regressions.,1339,1441,models,2026-10-01T10:00:00+07:00
RUN-20261001100000-84e93a84,REQ-R01-4.A.1.b.1,4.A.1.b.1,"Identifying Objects, Actions, and Events",Work Activities,0.031826,missing,1,3,,,-1,-1,,2026-10-01T10:00:00+07:00
RUN-20261001100000-84e93a84,REQ-R01-2.B.4.e,2.B.4.e,Judgment and Decision Making,Transferable Skills,0.031478,partially,0.6667,3,,Participated in architecture meetings where the team selected approach options for caching.,2386,2477,models,2026-10-01T10:00:00+07:00
RUN-20261001100000-84e93a84,REQ-R01-4.A.4.a.1,4.A.4.a.1,Interpreting the Meaning of Information for Others,Work Activities,0.031391,missing,1,3,C:R3b_unrelated,,-1,-1,,2026-10-01T10:00:00+07:00
RUN-20261001100000-84e93a84,REQ-R01-2.C.4.a,2.C.4.a,Mathematics,Knowledge,0.031043,partially,0.6667,3,,Coursework in statistics and linear algebra during the B.Eng. program.,2115,2185,models,2026-10-01T10:00:00+07:00
RUN-20261001100000-84e93a84,REQ-R01-2.C.1.e,2.C.1.e,Customer and Personal Service,Knowledge,0.030957,missing,1,3,,,-1,-1,,2026-10-01T10:00:00+07:00
RUN-20261001100000-84e93a84,REQ-R01-4.A.4.a.4,4.A.4.a.4,Establishing and Maintaining Interpersonal Relationships,Work Activities,0.030783,missing,1,3,,,-1,-1,,2026-10-01T10:00:00+07:00
RUN-20261001100000-84e93a84,REQ-R01-2.A.1.a,2.A.1.a,Reading Comprehension,Essential Skills,0.030435,evidenced,1,3,,Read specifications and RFC documents to implement OAuth 2.0 and OpenID Connect correctly.,1952,2042,models,2026-10-01T10:00:00+07:00
RUN-20261001100000-84e93a84,REQ-R01-2.A.2.b,2.A.2.b,Active Learning,Essential Skills,0.030435,evidenced,0.6667,3,,"Completed course: AWS Cloud Practitioner Essentials (online, 2025).",2045,2112,models,2026-10-01T10:00:00+07:00
RUN-20261001100000-84e93a84,REQ-R01-2.B.4.g,2.B.4.g,Systems Analysis,Transferable Skills,0.030435,evidenced,0.6667,3,C:R2_quote_not_found,Performed impact analysis and data flow modelling before migrating the monolith billing module.,1854,1949,models,2026-10-01T10:00:00+07:00
RUN-20261001100000-84e93a84,REQ-R01-2.A.1.b,2.A.1.b,Active Listening,Essential Skills,0.029391,partially,1,3,R6_linkage:4.A.1.a.2+4.A.2.b.1+4.A.4.a.2,Set up observability dashboards and alerting in Grafana and monitored systems for latency regressions.,1339,1441,linkage,2026-10-01T10:00:00+07:00
RUN-20261001100000-84e93a84,REQ-R01-2.B.2.i,2.B.2.i,Complex Problem Solving,Transferable Skills,0.029391,evidenced,1,3,,Debugged memory leaks in a Java microservice and resolved the incident by performing root cause analysis with heap dumps.,906,1027,models,2026-10-01T10:00:00+07:00
RUN-20261001100000-84e93a84,REQ-R01-2.B.3.b,2.B.3.b,Technology Design,Transferable Skills,0.029391,evidenced,1,3,,Led the system design of an event-driven order service and wrote the technical design document reviewed by architects.,1030,1148,models,2026-10-01T10:00:00+07:00
RUN-20261001100000-84e93a84,REQ-R01-2.B.4.h,2.B.4.h,Systems Evaluation,Transferable Skills,0.029391,evidenced,1,3,,Ran benchmarking and load tests to measure system performance before each quarterly release.,1444,1536,models,2026-10-01T10:00:00+07:00
RUN-20261001100000-84e93a84,REQ-R01-4.A.2.b.5,4.A.2.b.5,Scheduling Work and Activities,Work Activities,0.02887,partially,0.6667,3,B:R2_quote_not_found,Helped maintain the release schedule calendar for the platform team.,2315,2383,models,2026-10-01T10:00:00+07:00
